arch,family,target,kappa,norm_c_perp,norm_b,c_perp_over_b,degenerate,mu,mu_to_z_star,r_eff_min,max_rel_dev,checked
prenorm,sweep,0.0001,9.999999999999996e-05,3.5777087639996643,3.804371013776869,0.9404205717695812,False,near,0.008306825133908522,1.6613650267815374,6.493777058777791e-16,True
prenorm,sweep,0.0001,9.999999999999996e-05,3.5777087639996643,3.804371013776869,0.9404205717695812,False,far,2.999999999999995,1.6613650267815374,6.30214182813817e-16,True
prenorm,sweep,0.0003039195382313198,0.00030391953823131974,2.052228310827091,2.1822452341354373,0.940420571769581,False,near,0.004765407341539292,0.9530814683077249,6.940228310249835e-16,True
prenorm,sweep,0.0003039195382313198,0.00030391953823131974,2.052228310827091,2.1822452341354373,0.940420571769581,False,far,3.000000000000007,0.9530814683077249,7.144076689619099e-16,True
prenorm,sweep,0.0009236708571873865,0.0009236708571873863,1.177189457716467,1.2517691478200652,0.940420571769581,False,near,0.0027343569883877487,0.546871397677538,7.45383759779506e-16,True
prenorm,sweep,0.0009236708571873865,0.0009236708571873863,1.177189457716467,1.2517691478200652,0.940420571769581,False,far,2.999999999999996,0.546871397677538,6.352953517350386e-16,True
prenorm,sweep,0.0028072162039411755,0.002807216203941176,0.6752538263154033,0.7180338739770273,0.940420571769581,False,near,0.0015699439546983354,0.3139887909396774,6.081736650561333e-16,True
prenorm,sweep,0.0028072162039411755,0.002807216203941176,0.6752538263154033,0.7180338739770273,0.940420571769581,False,far,3.0000000000000018,0.3139887909396774,6.505040732164966e-16,True
prenorm,sweep,0.008531678524172814,0.008531678524172814,0.3873358931009175,0.4118751808800514,0.9404205717695809,False,near,0.0009031104869519146,0.1806220973903752,6.160692725384795e-16,True
prenorm,sweep,0.008531678524172814,0.008531678524172814,0.3873358931009175,0.4118751808800514,0.9404205717695809,False,far,3.0000000000000004,0.1806220973903752,6.001325390518795e-16,True
prenorm,sweep,0.02592943797404667,0.025929437974046666,0.222181775559771,0.23625788527966116,0.9404205717695809,False,near,0.0005224870715669989,0.10449741431340766,6.221630153259086e-16,True
prenorm,sweep,0.02592943797404667,0.025929437974046666,0.222181775559771,0.23625788527966116,0.9404205717695809,False,far,2.9999999999999907,0.10449741431340766,6.646702673102993e-16,True
prenorm,sweep,0.07880462815669913,0.07880462815669914,0.1274468549653125,0.1355211261760224,0.9404205717695808,False,near,0.0003073327861025387,0.06146655722050198,6.518039857896821e-16,True
prenorm,sweep,0.07880462815669913,0.07880462815669914,0.1274468549653125,0.1355211261760224,0.9404205717695808,False,far,3.0000000000000018,0.06146655722050198,6.555561151861456e-16,True
prenorm,sweep,0.2395026619987486,0.2395026619987486,0.0731054597058066,0.0777369848133423,0.940420571769581,False,near,0.00018896523596183493,0.037793047192374446,6.454587497692118e-16,True
prenorm,sweep,0.2395026619987486,0.2395026619987486,0.0731054597058066,0.0777369848133423,0.940420571769581,False,far,2.9999999999999973,0.037793047192374446,6.000665417338582e-16,True
prenorm,sweep,0.7278953843983154,0.7278953843983155,0.04193440662189672,0.04459112005917642,0.940420571769581,False,near,0.00012797867048089428,0.025595734096172006,6.345641759016448e-16,True
prenorm,sweep,0.7278953843983154,0.7278953843983155,0.04193440662189672,0.04459112005917642,0.940420571769581,False,far,3.0000000000000004,0.025595734096172006,6.01937140061452e-16,True
prenorm,sweep,2.21221629107045,2.2122162910704497,0.024054215181836862,0.02557814652711633,0.940420571769581,False,near,0.00010009259564264311,0.0200185191285234,6.291056446321779e-16,True
prenorm,sweep,2.21221629107045,2.2122162910704497,0.024054215181836862,0.02557814652711633,0.940420571769581,False,far,2.9999999999999947,0.0200185191285234,6.344088745316193e-16,True
prenorm,sweep,6.723357536499335,6.723357536499334,0.01379786468021663,0.014672014941414254,0.940420571769581,False,near,8.90273243576489e-05,0.017805464871522157,6.124300322577769e-16,True
prenorm,sweep,6.723357536499335,6.723357536499334,0.01379786468021663,0.014672014941414254,0.940420571769581,False,far,2.999999999999998,0.017805464871522157,5.680305465401423e-16,True
prenorm,sweep,20.43359717856944,20.433597178569435,0.007914665612425573,0.008416091533953386,0.940420571769581,False,near,8.507235848115817e-05,0.017014471696225147,6.301978923100337e-16,True
prenorm,sweep,20.43359717856944,20.433597178569435,0.007914665612425573,0.008416091533953386,0.940420571769581,False,far,3.000000000000002,0.017014471696225147,6.550507453384309e-16,True
prenorm,sweep,62.10169418915616,62.10169418915617,0.00453997290220768,0.004827598458065261,0.9404205717695809,False,near,8.373020225798778e-05,0.01674604045159269,6.261804676613983e-16,True
prenorm,sweep,62.10169418915616,62.10169418915617,0.00453997290220768,0.004827598458065261,0.9404205717695809,False,far,2.999999999999996,0.01674604045159269,5.760473527918221e-16,True
prenorm,sweep,188.73918221350996,188.73918221350996,0.002604197696036754,0.00276918410146692,0.9404205717695809,False,near,8.32838574919379e-05,0.016656771498399746,6.228237519104368e-16,True
prenorm,sweep,188.73918221350996,188.73918221350996,0.002604197696036754,0.00276918410146692,0.9404205717695809,False,far,3.0000000000000018,0.016656771498399746,6.128416401244882e-16,True
prenorm,sweep,573.6152510448682,573.615251044868,0.0014938075151825902,0.001588446233552405,0.940420571769581,False,near,8.313647072775331e-05,0.01662729414554748,6.1476700067952e-16,True
prenorm,sweep,573.6152510448682,573.615251044868,0.0014938075151825902,0.001588446233552405,0.940420571769581,False,far,2.9999999999999925,0.01662729414554748,6.81474359231067e-16,True
prenorm,sweep,1743.3288221999908,1743.3288221999903,0.0008568707728341713,0.0009111569850304371,0.940420571769581,False,near,8.308791823933708e-05,0.016617583647876476,6.546375357164541e-16,True
prenorm,sweep,1743.3288221999908,1743.3288221999903,0.0008568707728341713,0.0009111569850304371,0.940420571769581,False,far,3.0000000000000075,0.016617583647876476,6.240779752231863e-16,True
prenorm,sweep,5298.316906283713,5298.316906283713,0.0004915141434722833,0.0005226535427095192,0.9404205717695812,False,near,8.307193659313347e-05,0.016614387318628507,6.320304401413892e-16,True
prenorm,sweep,5298.316906283713,5298.316906283713,0.0004915141434722833,0.0005226535427095192,0.9404205717695812,False,far,2.999999999999997,0.016614387318628507,6.255576045315363e-16,True
prenorm,sweep,16102.620275609424,16102.620275609426,0.0002819400087999568,0.00029980204311081033,0.9404205717695809,False,near,8.306667740863242e-05,0.01661333548171225,6.299681306453528e-16,True
prenorm,sweep,16102.620275609424,16102.620275609426,0.0002819400087999568,0.00029980204311081033,0.9404205717695809,False,far,2.9999999999999933,0.01661333548171225,6.149059890757347e-16,True
prenorm,sweep,48939.00918477499,48939.00918477498,0.00016172508892737958,0.00017197102422277186,0.940420571769581,False,near,8.306494688282389e-05,0.016612989376563282,6.140328274386402e-16,True
prenorm,sweep,48939.00918477499,48939.00918477498,0.00016172508892737958,0.00017197102422277186,0.940420571769581,False,far,3.0,0.016612989376563282,6.405626422616096e-16,True
prenorm,sweep,148735.21072935118,148735.21072935118,9.276797748533245e-05,9.864520223198839e-05,0.9404205717695808,False,near,8.306437747232143e-05,0.0166128754944672,6.674700819705004e-16,True
prenorm,sweep,148735.21072935118,148735.21072935118,9.276797748533245e-05,9.864520223198839e-05,0.9404205717695808,False,far,3.0000000000000027,0.0166128754944672,6.588708420084887e-16,True
prenorm,sweep,452035.36563602404,452035.36563602404,5.321312669417365e-05,5.65843924426738e-05,0.9404205717695809,False,near,8.306419011579883e-05,0.01661283802316295,7.038517135901256e-16,True
prenorm,sweep,452035.36563602404,452035.36563602404,5.321312669417365e-05,5.65843924426738e-05,0.9404205717695809,False,far,2.9999999999999925,0.01661283802316295,6.326472803859239e-16,True
prenorm,sweep,1373823.7958832665,1373823.7958832665,3.052386102756073e-05,3.245767047622561e-05,0.9404205717695808,False,near,8.306412846897416e-05,0.01661282569379425,6.638682261460327e-16,True
prenorm,sweep,1373823.7958832665,1373823.7958832665,3.052386102756073e-05,3.245767047622561e-05,0.9404205717695808,False,far,2.9999999999999982,0.01661282569379425,6.074700339252806e-16,True
prenorm,sweep,4175318.936560409,4175318.936560408,1.7508952206182917e-05,1.8618214798551755e-05,0.940420571769581,False,near,8.306410818505556e-05,0.016612821637005126,6.190258602436272e-16,True
prenorm,sweep,4175318.936560409,4175318.936560408,1.7508952206182917e-05,1.8618214798551755e-05,0.940420571769581,False,far,2.9999999999999982,0.016612821637005126,6.098513404355956e-16,True
prenorm,sweep,12689610.031679234,12689610.031679235,1.004340201528221e-05,1.0679691955678544e-05,0.9404205717695809,False,near,8.30641015109318e-05,0.016612820302181506,7.019128012137677e-16,True
prenorm,sweep,12689610.031679234,12689610.031679235,1.004340201528221e-05,1.0679691955678544e-05,0.9404205717695809,False,far,3.0,0.016612820302181506,6.610347012321264e-16,True
prenorm,sweep,38566204.211634725,38566204.21163473,5.76104856834064e-06,6.126034182238407e-06,0.9404205717695809,False,near,8.306409931491459e-05,0.016612819862978516,6.830604040658408e-16,True
prenorm,sweep,38566204.211634725,38566204.21163473,5.76104856834064e-06,6.126034182238407e-06,0.9404205717695809,False,far,2.999999999999994,0.016612819862978516,5.859192626080662e-16,True
prenorm,sweep,117210229.75334793,117210229.75334798,3.304625320810394e-06,3.513986635354127e-06,0.9404205717695809,False,near,8.306409859227848e-05,0.016612819718465597,6.294198848437544e-16,True
prenorm,sweep,117210229.75334793,117210229.75334798,3.304625320810394e-06,3.513986635354127e-06,0.9404205717695809,False,far,2.9999999999999996,0.016612819718465597,5.778676370601116e-16,True
prenorm,sweep,356224789.0262451,356224789.0262451,1.8955834830058786e-06,2.0156763260069655e-06,0.9404205717695809,False,near,8.306409835451423e-05,0.01661281967091587,6.801196573502241e-16,True
prenorm,sweep,356224789.0262451,356224789.0262451,1.8955834830058786e-06,2.0156763260069655e-06,0.9404205717695809,False,far,2.999999999999996,0.01661281967091587,6.467202493600979e-16,True
prenorm,sweep,1082636733.8740563,1082636733.874056,1.0873355954809227e-06,1.1562226817676827e-06,0.9404205717695812,False,near,8.30640982763382e-05,0.016612819655270367,6.470749725538392e-16,True
prenorm,sweep,1082636733.8740563,1082636733.874056,1.0873355954809227e-06,1.1562226817676827e-06,0.9404205717695812,False,far,2.999999999999997,0.016612819655270367,6.188821246446199e-16,True
prenorm,sweep,3290344562.312671,3290344562.3126707,6.237122805718106e-07,6.6322696386594e-07,0.940420571769581,False,near,8.306409825058561e-05,0.01661281965012246,6.605425566065451e-16,True
prenorm,sweep,3290344562.312671,3290344562.3126707,6.237122805718106e-07,6.6322696386594e-07,0.940420571769581,False,far,2.9999999999999987,0.01661281965012246,6.439995403406466e-16,True
prenorm,sweep,10000000000.0,10000000000.0,3.5777087639996637e-07,3.804371013776869e-07,0.9404205717695809,False,near,8.306409824214112e-05,0.01661281964842862,6.3179815581242405e-16,True
prenorm,sweep,10000000000.0,10000000000.0,3.5777087639996637e-07,3.804371013776869e-07,0.9404205717695809,False,far,3.0000000000000004,0.01661281964842862,6.521853313905117e-16,True
prenorm,near_tolerance,1.5,5.689052370738083e+20,1.4999784476816587e-12,1.0,1.4999784476816587e-12,False,near,8.306409823746734e-05,0.01661281964759798,3.960808595843035e-12,True
prenorm,near_tolerance,1.5,5.689052370738083e+20,1.4999784476816587e-12,1.0,1.4999784476816587e-12,False,far,2.999999999999997,0.01661281964759798,6.522582080146142e-16,True
prenorm,near_tolerance,3.0,1.4221954612443918e+20,3.0000282248671223e-12,1.0,3.0000282248671223e-12,False,near,8.306409823747506e-05,0.01661281964759798,3.8287590916007505e-12,True
prenorm,near_tolerance,3.0,1.4221954612443918e+20,3.0000282248671223e-12,1.0,3.0000282248671223e-12,False,far,2.999999999999997,0.01661281964759798,6.960359623929231e-16,True
prenorm,near_tolerance,10.0,1.2800013958095575e+19,9.999994547623375e-12,1.0,9.999994547623375e-12,False,near,8.306409823743882e-05,0.01661281964759798,3.6965054324895725e-12,True
prenorm,near_tolerance,10.0,1.2800013958095575e+19,9.999994547623375e-12,1.0,9.999994547623375e-12,False,far,2.999999999999997,0.01661281964759798,6.320583310604628e-16,True
normedlinear,sweep,0.0001,0.00010000000000000002,3.5777087639996634,3.934365895059415,0.9093482557106282,False,near,0.008690724824287044,1.738144964857502,6.610397310654563e-16,True
normedlinear,sweep,0.0001,0.00010000000000000002,3.5777087639996634,3.934365895059415,0.9093482557106282,False,far,2.9999999999999964,1.738144964857502,6.561248118039817e-16,True
normedlinear,sweep,0.0003039195382313198,0.00030391953823131964,2.0522283108270916,2.256812280596873,0.9093482557106284,False,near,0.004985640508057604,0.997128101611292,7.355701704860966e-16,True
normedlinear,sweep,0.0003039195382313198,0.00030391953823131964,2.0522283108270916,2.256812280596873,0.9093482557106284,False,far,2.999999999999995,0.997128101611292,6.566722779935765e-16,True
normedlinear,sweep,0.0009236708571873865,0.0009236708571873863,1.177189457716467,1.294541942895716,0.9093482557106283,False,near,0.0028607252198492076,0.572145043969792,7.053042861613253e-16,True
normedlinear,sweep,0.0009236708571873865,0.0009236708571873863,1.177189457716467,1.294541942895716,0.9093482557106283,False,far,2.9999999999999982,0.572145043969792,7.000337740994726e-16,True
normedlinear,sweep,0.0028072162039411755,0.0028072162039411747,0.6752538263154034,0.7425690015622375,0.9093482557106283,False,near,0.0016424988704947484,0.3284997740988684,6.760649003852213e-16,True
normedlinear,sweep,0.0028072162039411755,0.0028072162039411747,0.6752538263154034,0.7425690015622375,0.9093482557106283,False,far,2.999999999999998,0.3284997740988684,6.772308769117458e-16,True
normedlinear,sweep,0.008531678524172814,0.008531678524172808,0.3873358931009176,0.4259489042492595,0.9093482557106284,False,near,0.0009448477127548346,0.188969542550967,6.733652986020814e-16,True
normedlinear,sweep,0.008531678524172814,0.008531678524172808,0.3873358931009176,0.4259489042492595,0.9093482557106284,False,far,2.999999999999998,0.188969542550967,6.733382360550942e-16,True
normedlinear,sweep,0.02592943797404667,0.025929437974046666,0.222181775559771,0.2443307876432255,0.9093482557106282,False,near,0.0005466337969126406,0.10932675938251928,7.282647690234164e-16,True
normedlinear,sweep,0.02592943797404667,0.025929437974046666,0.222181775559771,0.2443307876432255,0.9093482557106282,False,far,3.000000000000002,0.10932675938251928,6.3137932031561895e-16,True
normedlinear,sweep,0.07880462815669913,0.07880462815669911,0.12744685496531252,0.1401518660919591,0.909348255710628,False,near,0.0003215361621849158,0.06430723243699883,7.661179974160054e-16,True
normedlinear,sweep,0.07880462815669913,0.07880462815669911,0.12744685496531252,0.1401518660919591,0.909348255710628,False,far,3.000000000000004,0.06430723243699883,6.389033278083873e-16,True
normedlinear,sweep,0.2395026619987486,0.23950266199874848,0.07310545970580662,0.08039324785274582,0.9093482557106283,False,near,0.0001976982590373092,0.039539651807468545,6.982280316318454e-16,True
normedlinear,sweep,0.2395026619987486,0.23950266199874848,0.07310545970580662,0.08039324785274582,0.9093482557106283,False,far,3.0000000000000004,0.039539651807468545,6.573382230837188e-16,True
normedlinear,sweep,0.7278953843983154,0.7278953843983152,0.04193440662189673,0.04611479304936507,0.9093482557106283,False,near,0.00013389320114453422,0.02677864022892002,6.47744242152476e-16,True
normedlinear,sweep,0.7278953843983154,0.7278953843983152,0.04193440662189673,0.04611479304936507,0.9093482557106283,False,far,3.0000000000000004,0.02677864022892002,7.070495492422705e-16,True
normedlinear,sweep,2.21221629107045,2.2122162910704497,0.024054215181836862,0.02645214859189367,0.9093482557106283,False,near,0.00010471837214048376,0.020943674428101435,7.067704624957967e-16,True
normedlinear,sweep,2.21221629107045,2.2122162910704497,0.024054215181836862,0.02645214859189367,0.9093482557106283,False,far,3.0000000000000058,0.020943674428101435,6.483688068580796e-16,True
normedlinear,sweep,6.723357536499335,6.723357536499334,0.01379786468021663,0.015173355855215244,0.9093482557106283,False,near,9.314171965370884e-05,0.018628343930736282,6.911657349176713e-16,True
normedlinear,sweep,6.723357536499335,6.723357536499334,0.01379786468021663,0.015173355855215244,0.9093482557106283,False,far,2.9999999999999987,0.018628343930736282,6.477578027917932e-16,True
normedlinear,sweep,20.43359717856944,20.43359717856943,0.007914665612425575,0.008703668328082404,0.9093482557106283,False,near,8.900397514020188e-05,0.017800795028047163,6.770163894294332e-16,True
normedlinear,sweep,20.43359717856944,20.43359717856943,0.007914665612425575,0.008703668328082404,0.9093482557106283,False,far,3.000000000000001,0.017800795028047163,6.63406248373644e-16,True
normedlinear,sweep,62.10169418915616,62.10169418915617,0.00453997290220768,0.004992556893024256,0.9093482557106282,False,near,8.759979120487774e-05,0.017519958240979242,7.259128210297322e-16,True
normedlinear,sweep,62.10169418915616,62.10169418915617,0.00453997290220768,0.004992556893024256,0.9093482557106282,False,far,2.999999999999997,0.017519958240979242,6.945167922956809e-16,True
normedlinear,sweep,188.73918221350996,188.73918221350985,0.002604197696036755,0.002863806775547893,0.9093482557106283,False,near,8.713281862812825e-05,0.017426563725620382,7.691209430429185e-16,True
normedlinear,sweep,188.73918221350996,188.73918221350985,0.002604197696036755,0.002863806775547893,0.9093482557106283,False,far,3.000000000000004,0.017426563725620382,6.864741226119681e-16,True
normedlinear,sweep,573.6152510448682,573.6152510448679,0.0014938075151825904,0.0016427232424998986,0.9093482557106284,False,near,8.697862038869695e-05,0.01739572407773352,7.218474964681102e-16,True
normedlinear,sweep,573.6152510448682,573.6152510448679,0.0014938075151825904,0.0016427232424998986,0.9093482557106284,False,far,3.000000000000002,0.01739572407773352,6.838714454830525e-16,True
normedlinear,sweep,1743.3288221999908,1743.3288221999903,0.0008568707728341713,0.0009422911051438182,0.9093482557106283,False,near,8.692782404838558e-05,0.017385564809685235,6.523856498833801e-16,True
normedlinear,sweep,1743.3288221999908,1743.3288221999903,0.0008568707728341713,0.0009422911051438182,0.9093482557106283,False,far,2.999999999999996,0.017385564809685235,6.781973667632645e-16,True
normedlinear,sweep,5298.316906283713,5298.316906283713,0.0004915141434722833,0.0005405125488344174,0.9093482557106283,False,near,8.691110381086345e-05,0.017382220762170796,7.135366742102154e-16,True
normedlinear,sweep,5298.316906283713,5298.316906283713,0.0004915141434722833,0.0005405125488344174,0.9093482557106283,False,far,3.000000000000002,0.017382220762170796,6.804935025533353e-16,True
normedlinear,sweep,16102.620275609424,16102.62027560942,0.00028194000879995686,0.00031004624139255565,0.9093482557106283,False,near,8.690560157320548e-05,0.01738112031464098,7.340408623313875e-16,True
normedlinear,sweep,16102.620275609424,16102.62027560942,0.00028194000879995686,0.00031004624139255565,0.9093482557106283,False,far,3.0000000000000013,0.01738112031464098,6.614242019160258e-16,True
normedlinear,sweep,48939.00918477499,48939.009184775,0.00016172508892737955,0.00017784725259190856,0.9093482557106282,False,near,8.690379107128392e-05,0.01738075821425227,6.752643321945838e-16,True
normedlinear,sweep,48939.00918477499,48939.009184775,0.00016172508892737955,0.00017784725259190856,0.9093482557106282,False,far,2.9999999999999996,0.01738075821425227,6.768146963463224e-16,True
normedlinear,sweep,148735.21072935118,148735.21072935118,9.276797748533245e-05,0.00010201589644314772,0.9093482557106282,False,near,8.690319534538987e-05,0.017380639069098314,6.945927278171986e-16,True
normedlinear,sweep,148735.21072935118,148735.21072935118,9.276797748533245e-05,0.00010201589644314772,0.9093482557106282,False,far,3.0000000000000004,0.017380639069098314,6.686633768269498e-16,True
normedlinear,sweep,452035.36563602404,452035.3656360238,5.3213126694173666e-05,5.8517874048803456e-05,0.9093482557106283,False,near,8.690299933029906e-05,0.017380599866058787,6.806231423141581e-16,True
normedlinear,sweep,452035.36563602404,452035.3656360238,5.3213126694173666e-05,5.8517874048803456e-05,0.9093482557106283,False,far,3.0000000000000013,0.017380599866058787,6.791901243660974e-16,True
normedlinear,sweep,1373823.7958832665,1373823.795883266,3.052386102756074e-05,3.35667450131163e-05,0.9093482557106283,False,near,8.690293483438951e-05,0.017380586966888663,6.81881390106043e-16,True
normedlinear,sweep,1373823.7958832665,1373823.795883266,3.052386102756074e-05,3.35667450131163e-05,0.9093482557106283,False,far,3.0000000000000053,0.017380586966888663,6.352420019159998e-16,True
normedlinear,sweep,4175318.936560409,4175318.936560408,1.7508952206182917e-05,1.925439686745778e-05,0.9093482557106283,False,near,8.690291361302108e-05,0.01738058272261514,7.067408979792568e-16,True
normedlinear,sweep,4175318.936560409,4175318.936560408,1.7508952206182917e-05,1.925439686745778e-05,0.9093482557106283,False,far,3.0000000000000018,0.01738058272261514,7.166211643139884e-16,True
normedlinear,sweep,12689610.031679234,12689610.031679235,1.004340201528221e-05,1.1044615692844316e-05,0.9093482557106283,False,near,8.690290663053523e-05,0.017380581326102682,6.717100222301105e-16,True
normedlinear,sweep,12689610.031679234,12689610.031679235,1.004340201528221e-05,1.1044615692844316e-05,0.9093482557106283,False,far,2.999999999999998,0.017380581326102682,6.622501725656432e-16,True
normedlinear,sweep,38566204.211634725,38566204.21163471,5.7610485683406415e-06,6.335360003344983e-06,0.9093482557106284,False,near,8.690290433302867e-05,0.017380580866601943,7.311531377933406e-16,True
normedlinear,sweep,38566204.211634725,38566204.21163471,5.7610485683406415e-06,6.335360003344983e-06,0.9093482557106284,False,far,2.999999999999997,0.017380580866601943,6.441788142130765e-16,True
normedlinear,sweep,117210229.75334793,117210229.7533479,3.304625320810395e-06,3.63405911877835e-06,0.9093482557106282,False,near,8.690290357703e-05,0.017380580715410363,6.855100096721386e-16,True
normedlinear,sweep,117210229.75334793,117210229.7533479,3.304625320810395e-06,3.63405911877835e-06,0.9093482557106282,False,far,3.0000000000000004,0.017380580715410363,6.574716637294301e-16,True
normedlinear,sweep,356224789.0262451,356224789.0262449,1.8955834830058793e-06,2.0845517337299315e-06,0.9093482557106283,False,near,8.690290332827682e-05,0.017380580665663125,7.629160002012026e-16,True
normedlinear,sweep,356224789.0262451,356224789.0262449,1.8955834830058793e-06,2.0845517337299315e-06,0.9093482557106283,False,far,2.9999999999999964,0.017380580665663125,6.595789020848963e-16,True
normedlinear,sweep,1082636733.8740563,1082636733.874056,1.0873355954809227e-06,1.1957306660595095e-06,0.9093482557106283,False,near,8.690290324645143e-05,0.017380580649294566,7.84400366058827e-16,True
normedlinear,sweep,1082636733.8740563,1082636733.874056,1.0873355954809227e-06,1.1957306660595095e-06,0.9093482557106283,False,far,3.0000000000000058,0.017380580649294566,6.383077695081558e-16,True
normedlinear,sweep,3290344562.312671,3290344562.3126707,6.237122805718106e-07,6.858893461937729e-07,0.9093482557106282,False,near,8.690290321954319e-05,0.01738058064390875,6.613653360868235e-16,True
normedlinear,sweep,3290344562.312671,3290344562.3126707,6.237122805718106e-07,6.858893461937729e-07,0.9093482557106282,False,far,3.000000000000004,0.01738058064390875,6.839671315830643e-16,True
normedlinear,sweep,10000000000.0,10000000000.0,3.5777087639996637e-07,3.9343658950594154e-07,0.9093482557106282,False,near,8.690290321057383e-05,0.017380580642136628,7.092273384045033e-16,True
normedlinear,sweep,10000000000.0,10000000000.0,3.5777087639996637e-07,3.9343658950594154e-07,0.9093482557106282,False,far,3.000000000000003,0.017380580642136628,6.830535040230798e-16,True
normedlinear,near_tolerance,1.5,5.688772621103652e+20,1.5000153285074278e-12,1.0,1.5000153285074278e-12,False,near,8.690290320696263e-05,0.0173805806412676,3.340197630398857e-12,True
normedlinear,near_tolerance,1.5,5.688772621103652e+20,1.5000153285074278e-12,1.0,1.5000153285074278e-12,False,far,2.999999999999992,0.0173805806412676,6.8998667269797e-16,True
normedlinear,near_tolerance,3.0,1.4222066545450125e+20,3.000016419169351e-12,1.0,3.000016419169351e-12,False,near,8.690290320689331e-05,0.0173805806412676,3.4698099130253818e-12,True
normedlinear,near_tolerance,3.0,1.4222066545450125e+20,3.000016419169351e-12,1.0,3.000016419169351e-12,False,far,2.999999999999992,0.0173805806412676,6.980857234367571e-16,True
normedlinear,near_tolerance,10.0,1.2799983374022992e+19,1.0000006494528596e-11,1.0,1.0000006494528596e-11,False,near,8.690290320690811e-05,0.0173805806412676,3.841344456887487e-12,True
normedlinear,near_tolerance,10.0,1.2799983374022992e+19,1.0000006494528596e-11,1.0,1.0000006494528596e-11,False,far,2.999999999999992,0.0173805806412676,6.962533370495032e-16,True
