file,bytes,sha256
cartpole-swingup-seed1.npz,903064,353eb03865dd23f3f4a6e6ce85364b2f88caff5370aed262ca1081522bbb0d50
cartpole-swingup-seed2.npz,903064,816b5103529d443a17cde639a4dbdc7d3bbaed9212235938c010154067f9f681
cartpole-swingup-seed3.npz,903064,820c6a7da9a6acddc9115aa341c410806ab746df270088936ea505197bea1ef7
cheetah-run-seed1.npz,3105444,ddd47832ceb6cdb5823299ede224d7c134c7fb87360e754d4c227f0635528856
cheetah-run-seed2.npz,3105444,35a3e8586a97223309147f95c1c1fe677a1b07dbc36dbf0a2f8e3e6a072281eb
cheetah-run-seed3.npz,3105444,6fda51281a5aaee60978bbb5fd85afef5166cd4c0103b4db9c9ae2a7d0ec9ed4
dog-run-seed1.npz,30146628,b14850d81b64daf02ac77930af191ca5c4b7591d2dc222fabb27cf71d1d9fec5
dog-run-seed2.npz,30146628,21e13c657b4fc47d5c1e4c94b0bb6f69f3cc6beb203afd403b96605ebbbb57de
dog-run-seed3.npz,30146628,8ab26d5cbec29d20c22ffeb00f26a52303668944e77ce2f162651e03e12223aa
humanoid-run-seed1.npz,11115448,1de5faf074599da65862683fe666aba14952e97044876f2e61007df9aba10ddc
humanoid-run-seed2.npz,11115448,95aadbc255117aed614a23dca5c778e1b15741902f0762d51e0e8046cc57334c
humanoid-run-seed3.npz,11115448,2bef6fa0921512fdf1def8a74d903fa2ec23ac5d9d16c364d6f593f846e5ccf6
walker-run-seed1.npz,3806840,f6c0dc280e410b3bfe8f56d448f0999059bfe4327f2ace897d35a21fb32ba5fb
walker-run-seed2.npz,3806840,76465e4dcc880b21ab05391ee913d854009e6c951280f45834e814a4280a25d5
walker-run-seed3.npz,3806840,917bb8fa792f7bd8ec67823800e010d6e1b1a5e5a7102c0077c6c0573e2671b2
