init,quantity,n,n_finite,q5,q50,q95,seed0,seed1,seed2,seed3,seed4
zero_bias,r_eff_over_D_u_min,1000,1000,0.0083228184684521,0.00871970851489811,0.009089303444419012,0.008515457348237762,0.008940276509314926,0.008524754606247744,0.008177028700388477,0.008266543726554214
zero_bias,r_eff_over_D_d1,1000,1000,0.010090018460149093,0.011119646496407398,0.012238984810025772,0.010539734679552331,0.01101523015851231,0.010270248124001633,0.010563950239971795,0.01076741004388421
zero_bias,r_star_init_median,1000,1000,0.021557583706871383,0.022051648962255574,0.0225569619730863,0.02172171682035929,0.02227442710212351,0.02218804504170121,0.02135693074726632,0.02143284354527462
zero_bias,kappa,1000,0,nan,nan,nan,inf,inf,inf,inf,inf
zero_bias,norm_z_star,1000,1000,0.0,0.0,0.0,0.0,0.0,0.0,0.0,0.0
zero_bias,D_u_min,1000,1000,1.925597246554501,1.9462514708434604,1.9667964550674628,1.9509016331384639,1.9440764078335468,1.9336474108694501,1.965353816355145,1.941327215910992
zero_bias,D_d1,1000,1000,1.9881519168357702,1.9881519168357702,1.9881519168357702,1.9881519168357702,1.9881519168357702,1.9881519168357702,1.9881519168357702,1.9881519168357702
torch_default,r_eff_over_D_u_min,1000,1000,0.33845317921086404,0.37087895962408146,0.402780374481421,0.38013759741213227,0.37998717147475375,0.3657573795469588,0.3630259058001217,0.3559584172029919
torch_default,r_eff_over_D_d1,1000,1000,0.41904382130392054,0.4736102373246118,0.5299179925860623,0.4705031397139804,0.4681786012675836,0.44064834879573533,0.46899524817749255,0.46364603676925636
torch_default,r_star_init_median,1000,1000,0.8613254492061134,0.9385538778688,1.0104788805958476,0.9694334534205958,0.9464644137448894,0.9517267115333894,0.947917924069221,0.9226520460533678
torch_default,kappa,1000,1000,0.00047879615674882825,0.0005505833446534888,0.0006534038156330911,0.0005020561489770485,0.0005538657456221918,0.0005435175358024081,0.0005076170583888094,0.0005396145969475749
torch_default,norm_z_star,1000,1000,0.2621566901540881,0.3730380845055856,0.48370928483742565,0.27664995298880674,0.2896224260733132,0.22883708705716274,0.38816897719082594,0.33022977189617125
torch_default,D_u_min,1000,1000,1.925597246554501,1.9462514708434604,1.9667964550674628,1.9509016331384639,1.9440764078335468,1.9336474108694501,1.965353816355145,1.941327215910992
torch_default,D_d1,1000,1000,1.9881519168357702,1.9881519168357702,1.9881519168357702,1.9881519168357702,1.9881519168357702,1.9881519168357702,1.9881519168357702,1.9881519168357702
