trim,x0,x1,x2,x3,x4,x5,x6,x7,x8,x9,x10,x11
0,-0.32146441736983933,-0.1941135287481306,-0.6259889874254827,-0.10365165451713354,0.2558821683207013,0.5225066010758384,0.0,0.0,0.12885366558675176,0.0,0.0,0.0
1,-0.0056546509851080895,-0.4203025144322825,-0.540044032284291,0.20780591777003998,-0.9061554037930697,-0.5215065680210536,0.0,0.0,2.1441054868838942,0.0,0.0,0.0
2,-0.8199833067684499,0.9279382855424649,-0.9638750793815578,0.7495262237001503,0.23998493447824765,-0.5691816092554662,0.0,0.0,2.2362993305486114,0.0,0.0,0.0
3,-0.30930067094032965,-0.08882986612065857,0.4070890781791936,-0.3288906495351531,0.7136778524605216,-0.9985739447710955,0.0,0.0,1.7042700315634778,0.0,0.0,0.0
4,-0.7128685960149135,0.44897729082700955,-0.8811867511372264,0.25324087451528254,0.30928939337355277,-0.8638277982392009,0.0,0.0,-1.0688710610862675,0.0,0.0,0.0
5,0.25711828946614323,-0.5180773707773902,0.023384082403618445,0.8045115566047418,-0.4480127523773336,-0.6004820202864827,0.0,0.0,0.34686533135338515,0.0,0.0,0.0
6,-0.3034034751586612,-0.018155187177193,0.05387912283745444,0.37912513342584786,0.06309793043224987,0.4090806409752985,0.0,0.0,-2.485048035971237,0.0,0.0,0.0
7,0.49945653211288366,-0.36183769295156076,-0.8856434829747686,-0.6983525653644576,-0.03909107529589129,0.4223637224332961,0.0,0.0,-1.3802786337460706,0.0,0.0,0.0
8,-0.07313897764357469,-0.19223339646035087,-0.3988025753886155,-0.8284617215464991,0.3663564390450813,-0.41137999236059297,0.0,0.0,1.486972753891171,0.0,0.0,0.0
9,0.7871205474747116,-0.7283138372758173,0.816310920617817,0.2632913182245433,-0.9501509599464535,0.895683460340954,0.0,0.0,2.8624633909568824,0.0,0.0,0.0
10,-0.31194635743925025,0.6549442832156529,-0.9942865976309512,-0.9214462318557304,-0.1450173408363289,-0.6088587730123567,0.0,0.0,-1.1661297020215404,0.0,0.0,0.0
11,-0.9839916860747662,0.6885573698001195,-0.95584228831132,-0.7278808930924006,0.36650791709436525,0.11857204436925017,0.0,0.0,-0.28151315138093796,0.0,0.0,0.0
12,0.7053534463166038,-0.7705395693908996,-0.16462053962135625,-0.5527801445370766,-0.1632692444921937,0.6575140756360611,0.0,0.0,-0.4839988296933121,0.0,0.0,0.0
13,-0.7527134037370271,0.9556436739625542,0.5504471393577122,0.8144050351438146,-0.2676886176094626,-0.22812235306105744,0.0,0.0,2.323851262061091,0.0,0.0,0.0
14,-0.13671867608174515,0.930140202741844,0.3161086127322199,0.5096053113252275,-0.3072325979431141,0.8740552923577596,0.0,0.0,1.576894429722182,0.0,0.0,0.0
15,-0.754771618529156,-0.2093407779492047,0.18175033603028945,-0.5207171646273574,-0.6992529325832868,-0.545796761379119,0.0,0.0,3.124839996699644,0.0,0.0,0.0
16,0.129670463478319,0.5717266826604614,0.03704309932227101,0.5912149504282982,-0.5507009055562655,0.7072182748797966,0.0,0.0,-1.249761312418148,0.0,0.0,0.0
17,0.8186417730687703,0.006667820692338067,-0.7691998416848325,-0.14618345025110013,-0.4590539557407236,0.4203200717291198,0.0,0.0,-0.669558367436523,0.0,0.0,0.0
18,-0.09678474208070398,0.014534221261233382,-0.7978556648442203,-0.7269081455212749,0.9881725608846337,0.14034019034432133,0.0,0.0,-1.191042541193337,0.0,0.0,0.0
19,0.8883650176954732,0.6634363818950728,0.9732688907720524,-0.10557274820915152,-0.056824434708306004,-0.8874206458762977,0.0,0.0,2.5490078230852307,0.0,0.0,0.0
20,-0.8670618272950468,0.6257903869139718,-0.41232664926697193,-0.6352705595255732,-0.5888117070688779,-0.5044332579701807,0.0,0.0,1.649745657374728,0.0,0.0,0.0
21,0.07679650012094319,-0.2114895237815373,-0.858628807327249,-0.9214857420720788,-0.2884576562598733,0.07349633416339052,0.0,0.0,0.4207848176003246,0.0,0.0,0.0
22,-0.07100743607186488,-0.3741370917847593,0.04319782731513433,0.3392070428330207,0.4160388063701619,0.19437685848611075,0.0,0.0,1.081961914518058,0.0,0.0,0.0
23,0.02009579660422811,0.20714412703377705,0.9789361259013327,0.3588916849633377,-0.8936420761846913,0.6624689459899233,0.0,0.0,2.523723809025957,0.0,0.0,0.0
24,-0.9448697349822994,0.8692460355104701,-0.08418251124321752,0.6596813298864261,0.8703153817006815,0.6835703725340687,0.0,0.0,1.4504926568329908,0.0,0.0,0.0
25,-0.014599487679896272,0.9458322425553307,-0.42152091959086513,-0.1253122915519438,0.25460864982070497,-0.5207532501669718,0.0,0.0,0.8620005276269074,0.0,0.0,0.0
26,-0.5569860492484924,0.5869767348286792,-0.5641439857871362,0.8642859641348875,-0.48276410564140226,-0.3743998109173321,0.0,0.0,-0.46401092566260854,0.0,0.0,0.0
27,0.6633887366717592,0.5493196066971837,0.6674294632002709,-0.9753545943534256,-0.29680656036651554,0.25758214301751803,0.0,0.0,-1.7465360120067353,0.0,0.0,0.0
28,-0.38211704303581895,0.8632556492117869,0.2803561075369836,-0.09220646565570934,-0.9826918687021198,0.4042978027663997,0.0,0.0,-1.3689761272426428,0.0,0.0,0.0
29,-0.07113969967822209,0.057505248992178126,0.031761339622373264,0.4317343532856417,-0.47945539739319076,0.33706192926746525,0.0,0.0,1.1920197461651039,0.0,0.0,0.0
30,0.8046811281563728,-0.3198540546533224,-0.7424242981656701,-0.06025890065685635,0.4051106669442548,0.6107597374275995,0.0,0.0,1.9032860153871112,0.0,0.0,0.0
31,0.04116641895439943,0.8677247830954036,-0.8083410855391919,0.8066826871247759,-0.1427522849610272,0.25414399392210574,0.0,0.0,1.0891750899028247,0.0,0.0,0.0
32,-0.6006631583811839,-0.7564399366579784,0.950106385739083,-0.7186883066315277,0.9204023071821941,-0.7314142631861831,0.0,0.0,0.5986051765607572,0.0,0.0,0.0
33,-0.7078534140558452,-0.2712479898956146,0.4869138950505161,-0.744017340662098,-0.9413557028728463,0.19441166353432027,0.0,0.0,-0.22167354633351236,0.0,0.0,0.0
34,-0.4754717794899175,-0.736520758846442,0.7995965089431087,0.6957863433041984,0.365840713043061,-0.45148526493991636,0.0,0.0,-0.02552795383147393,0.0,0.0,0.0
35,-0.14926199730209966,0.25411284437732706,0.03598343965153683,0.69993531747008,0.4608875685455929,-0.13837772726979125,0.0,0.0,2.807144361979633,0.0,0.0,0.0
36,0.6759419112118317,0.39526862385398864,0.3908123268584591,-0.15653843566466552,-0.6490804752560602,0.21680183729170732,0.0,0.0,-2.1217094625529955,0.0,0.0,0.0
37,-0.4167376594217036,0.529384732872928,-0.09081994383229186,0.6492577554423824,-0.7126255363243879,0.8759187778186968,0.0,0.0,0.5626895804463622,0.0,0.0,0.0
38,-0.24444804010982324,0.29170913769133744,-0.2467184155552249,0.40902503334042417,0.5423574462316287,0.7027896828261948,0.0,0.0,0.5756842271223908,0.0,0.0,0.0
39,0.3340059457052964,0.1532691397661068,0.9983336413093575,-0.43237600423003264,0.2144914514262326,-0.7798157065421703,0.0,0.0,2.1396034482330677,0.0,0.0,0.0
40,0.9149466806057363,0.10138927867149561,-0.3530300819888268,0.27121119558480533,-0.5631797729446384,-0.202445533340035,0.0,0.0,-2.9936987764376495,0.0,0.0,0.0
41,0.1983804450421669,-0.5715429410460802,-0.8678672847174551,0.4407140580140727,-0.6515891196928993,0.89589022738781,0.0,0.0,-2.6821773440664045,0.0,0.0,0.0
42,-0.7037865604735971,-0.929499710118111,-0.9954267650511401,-0.08125051429074204,0.5446833674446805,0.44666165102142696,0.0,0.0,-0.28013230386407284,0.0,0.0,0.0
43,0.08114279052849405,-0.0721005107415087,-0.3640762584219701,0.4089862739017449,0.5588490500289065,0.5248297962774728,0.0,0.0,0.20593426461302503,0.0,0.0,0.0
44,0.47572844016875226,0.5605753704291054,0.1096613428175921,-0.8385807047397213,0.9569585533943612,0.2956595144995082,0.0,0.0,3.0258170785580427,0.0,0.0,0.0
45,-0.8001471779485452,0.2150281898227424,0.24677824249256797,0.9527924632547848,-0.4735127013695264,0.2278961654575833,0.0,0.0,-3.1196884828063185,0.0,0.0,0.0
46,0.5270312307579603,-0.24659989448508535,0.4808704082750861,0.7554687837862493,0.577390654501257,0.12575702174024417,0.0,0.0,-0.5708271156041895,0.0,0.0,0.0
47,-0.7748838022009732,-0.9807400404774202,-0.7245856360375456,0.17181424432486603,-0.18772200226817648,-0.7175887211251684,0.0,0.0,2.841512491191813,0.0,0.0,0.0
48,0.5413524046997364,0.16692163805369775,0.5535796137542672,-0.3373258885535364,0.7327497251546782,0.5918482462866894,0.0,0.0,1.8959292260603202,0.0,0.0,0.0
49,0.8202025681497662,0.8893798003831361,-0.4740700039502799,0.7067246475569091,-0.5322521527638142,0.4274232822449988,0.0,0.0,-2.7094612673310126,0.0,0.0,0.0
50,0.9406767928940571,0.17487528727821755,-0.2830366488431191,-0.489255320774969,0.8010629752380205,-0.6308303095619336,0.0,0.0,1.850333704071178,0.0,0.0,0.0
51,-0.5728808950638813,-0.9986195638896744,-0.4025195379163986,-0.613732161116884,-0.06986241048675534,-0.7582215728236561,0.0,0.0,3.0646827761550948,0.0,0.0,0.0
52,0.5032365010989108,0.06807453155015586,0.2530976760360921,-0.12358439206856953,0.4178100556250326,-0.5572848250246758,0.0,0.0,-0.21241640648733565,0.0,0.0,0.0
53,-0.5031689147995331,0.9045622138778402,0.9305562886428214,-0.6795054206882674,0.4206872680443081,-0.4726147579886144,0.0,0.0,-0.17016135554227857,0.0,0.0,0.0
54,0.5973590682296459,-0.9166483211479115,0.16344458941164697,-0.5752571698224975,-0.0551236812569007,0.8146042977537038,0.0,0.0,0.883094058276186,0.0,0.0,0.0
55,0.6389131898866274,0.6578798382211699,-0.17107355649873135,-0.13819518774756778,0.5444469052158563,0.1309711916939178,0.0,0.0,-1.780108362048952,0.0,0.0,0.0
56,0.6153499516374428,0.9849304371783218,-0.1503004902822762,-0.5628767094220428,0.8072790596799126,-0.34762162375940564,0.0,0.0,-0.734020859379089,0.0,0.0,0.0
57,-0.731739502487188,-0.9571487411333974,0.15415153229930034,0.4993178798439013,0.5223603520929243,0.7539454537696353,0.0,0.0,-1.184385400891382,0.0,0.0,0.0
58,-0.24456707806025646,0.4818405194823545,0.9053230132022971,0.9106570593681893,-0.8685819203515994,0.9902113933286927,0.0,0.0,1.887797723646744,0.0,0.0,0.0
59,-0.0888029756564861,0.880684282962718,0.8468878887687359,-0.879524940128553,-0.701149872027895,-0.5337778675068874,0.0,0.0,1.4241047300654086,0.0,0.0,0.0
60,-0.7630149367668511,-0.7343115847067949,0.315620684527973,0.5470111875979544,-0.018516767086257824,-0.8002240123394084,0.0,0.0,1.8121081688882963,0.0,0.0,0.0
61,-0.9769024711084282,0.9535894704911532,-0.4735967062843134,0.4124147521048611,-0.370741248215412,0.8015994240264648,0.0,0.0,1.011737158758613,0.0,0.0,0.0
62,-0.9864563709505154,0.45838039500905525,0.9166266293672658,0.335585651191288,0.47719490452537094,0.5715583266824187,0.0,0.0,-0.795454037065817,0.0,0.0,0.0
63,0.6140446685222372,0.3488464592514533,0.755523216321002,-0.33254396699423605,0.7667520239904844,-0.4498029478715251,0.0,0.0,2.2254406963749007,0.0,0.0,0.0
64,-0.01138926353388059,-0.2336160177382054,-0.3056371423403559,-0.024299774685564657,-0.7221424633632059,0.2043493470936648,0.0,0.0,-1.4326243746745397,0.0,0.0,0.0
65,-0.2532827256958916,0.8147694437087265,-0.3047704661115431,-0.5953546070825617,-0.24776458525749256,-0.9653612740349442,0.0,0.0,-0.007379274744050219,0.0,0.0,0.0
66,0.2994775898787183,0.128166371840013,-0.4679596402647508,-0.8804543554259103,-0.1965358594863511,-0.3767023031818344,0.0,0.0,0.11596982395274859,0.0,0.0,0.0
67,0.6147371751593385,-0.42691486149236235,0.7551990247907499,-0.18988750006775512,-0.9030636052333878,-0.02229647604435603,0.0,0.0,2.063191550373187,0.0,0.0,0.0
68,-0.8048555851847872,-0.1581331596087283,0.46906908783239953,-0.5460082380578519,-0.25473395054750747,-0.7312724517881841,0.0,0.0,-1.8507014889277615,0.0,0.0,0.0
69,-0.5906761423253082,-0.09472962302704446,0.1902069454081825,-0.9244143266137947,-0.5147095339239682,0.31195395324009234,0.0,0.0,2.9867302826780184,0.0,0.0,0.0
70,0.917122953725314,0.6961543768067198,-0.2621661839070797,-0.6168383934650485,-0.4015003699248929,0.6736779008007356,0.0,0.0,2.581406610480134,0.0,0.0,0.0
71,-0.15425198401078766,0.5440376307792385,-0.6640351975335608,-0.3685473747358561,-0.3986629576901335,0.8597346557926693,0.0,0.0,0.10710038363824173,0.0,0.0,0.0
72,-0.9493090203127734,0.6656510925125008,0.8765691927560193,0.9601093503297822,0.4683983018140554,0.5632104820375416,0.0,0.0,-2.028974665714662,0.0,0.0,0.0
73,-0.7829087890152275,-0.9951251793269746,0.8760061111042916,-0.7505480601616321,-0.9568487039707381,0.9501624340166319,0.0,0.0,-0.23303126489010612,0.0,0.0,0.0
74,-0.7420442269682361,-0.6392990796322489,0.7934553802974238,-0.14426192687847195,0.05521834392095726,0.5327938041031424,0.0,0.0,-0.6994619679873364,0.0,0.0,0.0
75,0.9517744372239871,-0.8105634255470089,-0.08950423184943657,-0.7022943138020292,-0.5216317232102539,0.561237315529624,0.0,0.0,-3.008327063794046,0.0,0.0,0.0
76,0.2918067878641857,-0.32722880518766906,-0.0825315534673936,0.195983797995392,-0.38951547423993227,0.23305472213529943,0.0,0.0,-0.7349904335561812,0.0,0.0,0.0
77,0.05051107676625777,-0.3772349031183535,-0.795479835100374,0.9122796685416799,-0.3573309153688433,-0.41556990840322694,0.0,0.0,2.145345998148819,0.0,0.0,0.0
78,-0.10652115842081589,-0.28222222566265565,-0.8216565623103147,0.5008962177937575,-0.6871084235275344,-0.9157538316566285,0.0,0.0,2.6366622034195792,0.0,0.0,0.0
79,0.07450921991939641,0.16094748449516194,0.9326465904373231,0.6695278384346999,-0.49814054241639094,0.5224282846721964,0.0,0.0,-0.30985255293744834,0.0,0.0,0.0
80,0.28530466042777625,0.4726479384657869,0.0804694474940999,0.2475633369903849,0.7110863387329138,-0.5287409104059237,0.0,0.0,1.8851350778556644,0.0,0.0,0.0
81,-0.5537966440296462,0.6573754846015492,0.1471694003465387,-0.5516558955815787,-0.5748070122904638,0.3257418992796004,0.0,0.0,2.4347854731788963,0.0,0.0,0.0
82,-0.8357113391022788,-0.24443935311177634,0.1574716435960617,-0.05060815823822851,0.9405691402751375,-0.3533531265855683,0.0,0.0,1.6295704675170792,0.0,0.0,0.0
83,-0.3541405697425384,-0.44774714305664465,-0.04033192664064322,-0.13639773752528428,-0.8127381194709438,-0.6783574486811579,0.0,0.0,0.25214820009152955,0.0,0.0,0.0
84,0.4762567743743895,-0.6908204749172522,0.5646956364684275,0.9067698079547071,0.5410383708133732,-0.9565954666913095,0.0,0.0,1.92400136590396,0.0,0.0,0.0
85,0.07105788646708078,0.1843081847806094,-0.5344036079049568,-0.18641826151488994,0.428066739328834,-0.2761706704367115,0.0,0.0,-1.4370823271208621,0.0,0.0,0.0
86,0.9211528060796634,-0.5031646711620146,0.17409760446769207,0.7115297052051237,0.43878051205128177,-0.21119597898184428,0.0,0.0,-2.848411405953101,0.0,0.0,0.0
87,-0.8558513511228996,-0.19959207629764553,0.16852173388268632,-0.6623986853420487,0.3214921033745144,0.5374844468890791,0.0,0.0,2.9583963784643847,0.0,0.0,0.0
88,0.03500502964099983,-0.5617563743969909,0.0007311320027081347,0.26571525084536174,-0.3591304011444618,0.8291179788986727,0.0,0.0,-0.9568582072100592,0.0,0.0,0.0
89,-0.7424332535723961,0.32507265894240467,0.4324098064777875,0.5769324159195852,-0.579911711575966,0.05253780582644296,0.0,0.0,2.5595161908805593,0.0,0.0,0.0
90,-0.27749381076383006,0.8650548137002012,-0.00846783883560942,0.9036736212888483,-0.5028949823787028,0.40945538862734643,0.0,0.0,-2.8854610192003225,0.0,0.0,0.0
91,0.2677538979522782,0.9682964886251986,0.8799947558620105,0.002560092872712749,-0.5904872478032976,-0.930038432835304,0.0,0.0,0.19232124579631593,0.0,0.0,0.0
92,-0.5438425504299182,-0.863195009379742,-0.900929699660282,0.6461458530231572,-0.5205636880968494,-0.2492701713630796,0.0,0.0,-1.100867289504539,0.0,0.0,0.0
93,0.250305294388403,-0.2929133815859608,0.8608722402973072,0.28138535992212765,0.4676079843734322,0.4428474787962169,0.0,0.0,1.9320876587387041,0.0,0.0,0.0
94,0.6018777904174968,0.6385604383718428,-0.48489485577717373,0.2850775413320117,0.12540355783712998,0.1253034115877134,0.0,0.0,-2.6588092120359126,0.0,0.0,0.0
95,-0.6240792540431095,-0.030660071359027485,0.2844266118650127,0.6207010534765738,0.5258637949004441,0.9540002301250958,0.0,0.0,1.7068622157521898,0.0,0.0,0.0
96,0.7427665051813479,-0.5343951530567392,-0.29639388374224374,0.8633134945706795,0.5575602351438631,0.3167019903894899,0.0,0.0,-2.1194762402302523,0.0,0.0,0.0
97,-0.31581625341059194,0.7226378966518354,-0.3395466830812681,-0.44047410354631045,-0.2346838652699863,-0.540842847118455,0.0,0.0,-1.9478414349036632,0.0,0.0,0.0
98,0.43437844649771473,-0.5130298214408651,-0.16840564592467366,-0.6865065738481035,-0.12931229989168513,-0.7343634696036627,0.0,0.0,-0.4177479256774226,0.0,0.0,0.0
99,-0.8272789003291994,-0.2619633770407077,0.561921673838969,0.07724210069381598,-0.9333382823561795,-0.6409715527365301,0.0,0.0,-2.621116211885533,0.0,0.0,0.0
100,0.5656232448176695,0.8708558262822232,0.5237527009668517,0.24772214007254956,0.8830147808329678,-0.8142429927188575,0.0,0.0,-1.7791720954738428,0.0,0.0,0.0
101,-0.4323111319542492,-0.2112191557902059,-0.34778969933867043,-0.5682528733065191,-0.9546858851460356,0.141669856881262,0.0,0.0,2.8826816937126862,0.0,0.0,0.0
102,0.519372948144055,0.03842952889426421,0.5532256685329806,0.7075644342340659,0.8743450450141905,0.01707085544254827,0.0,0.0,-2.571788593655613,0.0,0.0,0.0
103,-0.3044919434020277,-0.7009952604492815,0.36781269523414695,-0.2574355799080186,-0.18109576208118927,0.7302975788982788,0.0,0.0,-2.3036502174578577,0.0,0.0,0.0
104,-0.9707877317722136,0.8138297220164261,-0.28703003535550065,0.5483205562471907,0.8258778916290472,-0.22302271158624132,0.0,0.0,-1.3823756211656084,0.0,0.0,0.0
105,-0.22662045449531543,-0.7654392459448802,0.6992382469920189,0.8460811814583413,0.6928806158499732,-0.30562216497420325,0.0,0.0,0.9018622084381309,0.0,0.0,0.0
106,0.026088591255907234,-0.9766394350344982,-0.24602383141088535,0.48567722524828594,-0.9256072686980232,-0.9316113898517948,0.0,0.0,-2.605453591874095,0.0,0.0,0.0
107,-0.4082214385056615,-0.7006309294427324,-0.35454861048461384,-0.7265125133306749,-0.5710406722894468,0.8820336429564148,0.0,0.0,1.9273343455120608,0.0,0.0,0.0
108,0.11154767797121767,-0.34692918448117105,0.744024655390737,0.14186818016705227,-0.055482034078998765,0.9549516278216852,0.0,0.0,3.0813743957616975,0.0,0.0,0.0
109,-0.0554616640490293,0.5277939630951334,0.31801214688355484,0.553058743923931,-0.5398371721808417,0.49260022093237965,0.0,0.0,-2.787487302538518,0.0,0.0,0.0
110,0.44851528303737886,0.33370425384787294,-0.16086938266078343,-0.25309028357198415,0.7497203879174432,0.7989423327852547,0.0,0.0,-2.0619220185043723,0.0,0.0,0.0
111,0.021608617763889004,0.15172948290022426,-0.6818815173212462,-0.15940893437780912,-0.3598957858221714,-0.9061545669410243,0.0,0.0,2.849000371487212,0.0,0.0,0.0
112,-0.44600858227148077,-0.4434936957652742,-0.8893023640794921,-0.4870910581358112,-0.1837472052903466,-0.3425373425313416,0.0,0.0,-2.962295368431002,0.0,0.0,0.0
113,0.3663830263781249,-0.6911444143367291,-0.22180479065729997,-0.7808975617204095,-0.7786145482614171,0.8932688507172384,0.0,0.0,-0.4211984752579316,0.0,0.0,0.0
114,-0.6215651659777015,0.15944693666694598,0.12004529586776402,-0.5016342311019186,-0.19507239052032377,0.8873120764215983,0.0,0.0,0.690303989592825,0.0,0.0,0.0
115,0.9225088164867445,0.515863636726855,0.2770041304578903,-0.4677527503052079,-0.8158668170891812,0.5778999976912504,0.0,0.0,2.672074633644934,0.0,0.0,0.0
116,-0.6779859717580479,-0.45100278757519985,-0.6924444983684277,0.2220507241097589,-0.8924425801864797,0.712111408270667,0.0,0.0,-1.7930654535138473,0.0,0.0,0.0
117,-0.1821833864816902,0.6297918974924182,-0.30817252633755454,-0.36772203388624924,0.6384701829296096,0.8218623693792497,0.0,0.0,-0.21409079962722458,0.0,0.0,0.0
118,-0.600271330859584,0.35616021933771846,-0.7600950227372687,0.9828890795407244,0.7383231795646104,-0.7830395298942483,0.0,0.0,1.9316724781107488,0.0,0.0,0.0
119,0.6919830159503859,0.7947907917787818,0.6441166159354896,-0.030669899769506737,0.11760866197336761,0.3289398395683587,0.0,0.0,-3.0803833160993075,0.0,0.0,0.0
120,-0.33522275735640705,-0.6041832198762886,0.6173018589058656,0.31593752145160514,0.33264384593427443,0.516623106540169,0.0,0.0,2.0671204692857086,0.0,0.0,0.0
121,0.4834979799869634,0.13478872961242128,-0.4444432409254866,-0.05439229224899389,0.95072454110426,-0.06272933302779071,0.0,0.0,2.9170038935050737,0.0,0.0,0.0
122,-0.9994405767590819,-0.3721272131952511,-0.08240008028669243,0.8044831980655685,0.32555531873487387,0.45779776256523164,0.0,0.0,2.6329498033160945,0.0,0.0,0.0
123,-0.7250404282036302,0.7936540179820311,0.6746472396800192,0.5288709969908707,-0.9286160102871566,0.1667992612621676,0.0,0.0,-1.5264672642931938,0.0,0.0,0.0
124,-0.4108865321734727,0.42537071343198907,0.8040476293567687,-0.5971641638198404,-0.7421924712544516,-0.2753341278110837,0.0,0.0,1.421817897023697,0.0,0.0,0.0
125,-0.6006765055161931,0.22307538259961923,-0.6667782902135204,-0.5778164659277407,-0.08201197029574381,0.47611583686136183,0.0,0.0,2.2090381482443755,0.0,0.0,0.0
126,0.6177565695785372,-0.6430077999773693,-0.2642416602597504,0.3111415161044211,-0.8848485387819351,0.4086765542641786,0.0,0.0,1.1476627367646939,0.0,0.0,0.0
127,-0.6175698989368834,0.9148692801952756,0.7070502834136021,-0.03520897494308284,-0.013344057492260974,-0.1854044591992694,0.0,0.0,0.9414879574840266,0.0,0.0,0.0
128,0.5309190656759935,0.4887600718220986,0.49280094293767585,-0.6913693637423746,-0.31314005801452893,0.17846644535728662,0.0,0.0,-0.8149132195363812,0.0,0.0,0.0
129,-0.35845418810411656,0.366533395693162,0.05543760343775106,0.4495349041208505,0.41219285347754764,0.15624931420848132,0.0,0.0,-1.9462789986247115,0.0,0.0,0.0
130,0.05058012686603108,0.004873199219860291,0.1525773609168548,0.1284908877872737,-0.04416625030882049,0.8824016108736266,0.0,0.0,-2.1462124425101976,0.0,0.0,0.0
131,-0.2140696999763545,-0.12240785435461454,-0.00025985972753206354,-0.46170974831529965,0.5271606392774515,0.8204781754325647,0.0,0.0,0.8383270578289075,0.0,0.0,0.0
132,-0.952911188360426,0.5500745545335226,0.066881116784403,-0.6151822002712957,0.6066871153700568,-0.38787833670764527,0.0,0.0,-3.133688074748396,0.0,0.0,0.0
133,-0.44288071834047593,0.0038229128938314094,-0.06464859105477716,-0.14460850775781897,-0.39610148832298786,-0.049727876888988165,0.0,0.0,-1.416318175909546,0.0,0.0,0.0
134,0.5202350698539484,-0.9976201175185184,0.42819008385283475,-0.2839973566436287,0.8778554707396682,0.7315799821573239,0.0,0.0,-0.264035190977649,0.0,0.0,0.0
135,-0.21720504198102342,-0.4163663663276642,0.18575846323820566,-0.38554588321970384,0.7722230324423458,0.22419545134019692,0.0,0.0,1.753016302062527,0.0,0.0,0.0
136,-0.8271621875788147,0.679676806522983,-0.35650292686212803,-0.10873965912071104,-0.48536381657903926,-0.675869153094188,0.0,0.0,-2.420894228975921,0.0,0.0,0.0
137,0.4754960795067924,-0.5227697055171938,0.6174864306514656,0.06830172418822156,0.07553059770762904,-0.10499274389574298,0.0,0.0,0.8756231438437507,0.0,0.0,0.0
138,0.3101765570061732,-0.9669114644086718,-0.8734349847982394,-0.3622985408793784,-0.3821967621473774,0.17118604876790933,0.0,0.0,1.4757106246985061,0.0,0.0,0.0
139,-0.3038578769779132,0.5222544057784548,0.8652800238429461,0.4359747650899146,0.38120339050205976,0.12087413783472267,0.0,0.0,3.045513953232538,0.0,0.0,0.0
140,0.46053805691221505,-0.16413036258497682,0.26089833148861796,-0.7106374016669896,0.652574883072992,-0.3883800930019359,0.0,0.0,-2.7939684378441307,0.0,0.0,0.0
141,0.4063951964725201,-0.7348460076469823,0.03225861485610326,0.7605818805149676,0.6069285449088822,0.31572384057979774,0.0,0.0,1.6500592240101914,0.0,0.0,0.0
142,-0.4739695916032993,0.8514187070680386,0.340517690487685,-0.3746949369081689,-0.253029076534365,-0.9213326684999501,0.0,0.0,-1.3023545629339377,0.0,0.0,0.0
143,-0.8499075151925222,0.15792334488254323,0.4538053310899961,-0.6352976108984798,-0.8806879328678463,0.013987807275011033,0.0,0.0,-0.21278756043918928,0.0,0.0,0.0
144,-0.21417079752790147,0.5171002788716441,-0.22071659156364376,0.55078520240488,0.8272708604753136,-0.6532403066339496,0.0,0.0,-3.0917830422226005,0.0,0.0,0.0
145,0.5257431885749959,0.458856090183142,0.649750904960616,-0.07306606045296937,0.2400629602190767,-0.021276600238509413,0.0,0.0,0.8791536998579161,0.0,0.0,0.0
146,-0.002479785420220759,0.9214534098728899,-0.7798627697259153,0.2009464917784347,-0.731198693714846,-0.9872099173167603,0.0,0.0,-2.3240576306268186,0.0,0.0,0.0
147,-0.631905445766429,-0.9644788173872441,0.3852444119786653,0.23227049719060533,-0.18984595342146315,-0.13690998641840957,0.0,0.0,2.869206275340276,0.0,0.0,0.0
148,0.2986420989953229,-0.0896842792973942,0.7515268200847751,-0.542157465576844,-0.9916625500292966,-0.5243449130009254,0.0,0.0,0.09961362455264482,0.0,0.0,0.0
149,-0.6166826358056303,-0.2050863250600703,0.7495923792789643,0.21566218963752282,-0.03672152691622066,-0.6786885633894715,0.0,0.0,-2.0923433612769444,0.0,0.0,0.0
150,0.4564813543175923,0.9052659003057908,0.6586803731273212,-0.5975736081020107,-0.7733113640825382,-0.40456950251094304,0.0,0.0,2.7692407266334897,0.0,0.0,0.0
151,-0.1582718172481472,-0.12472057932783231,0.37631700704367854,0.9701513211646524,0.9015728480287866,-0.5453827782750338,0.0,0.0,-3.016942100357007,0.0,0.0,0.0
152,-0.4716245268125865,0.6262061482652956,-0.7869113374645988,0.9808284092278861,0.6602725391501212,0.32001440191291386,0.0,0.0,3.1352552808291954,0.0,0.0,0.0
153,0.9686890258218566,-0.33723552762457154,-0.17620210219157717,-0.7696150172479688,0.4906918917267642,0.6347958871100361,0.0,0.0,-2.6551233654130333,0.0,0.0,0.0
154,0.5583378144693658,-0.8007556529124034,0.7630796039936769,-0.4313631650463716,-0.6187934493475722,-0.908611796972967,0.0,0.0,0.058539927756050034,0.0,0.0,0.0
155,-0.3905059604372936,-0.5348005349121008,0.3855993527338264,0.5123354642159821,0.10127796234023667,-0.5589555807678381,0.0,0.0,3.039925007699593,0.0,0.0,0.0
156,0.7671819470632035,-0.8299353452260607,-0.5580711858023422,0.693558168283424,0.41424692174861955,-0.317719721590102,0.0,0.0,-1.704877702460264,0.0,0.0,0.0
157,0.6912988469882313,-0.07241471807008315,0.783853661707093,-0.848742925066196,0.6165101080235973,0.49932105460545206,0.0,0.0,-1.2477540920614587,0.0,0.0,0.0
158,-0.3487413889281332,-0.5982445974307968,0.018013325633698285,-0.5787325623957134,-0.2731813956012139,-0.6375293939745559,0.0,0.0,-2.7587468216372075,0.0,0.0,0.0
159,0.5668901686393566,0.3136789992864015,0.15690425531409158,0.06610156789083543,0.3990770883495216,0.3116715717064711,0.0,0.0,-1.9786060444855806,0.0,0.0,0.0
160,0.11397132116193176,0.6430271547398259,0.3380656097512502,-0.5479249412088467,0.875970381625043,0.4540218749733582,0.0,0.0,-0.4982047237808268,0.0,0.0,0.0
161,0.5760690712232441,-0.7727738719708255,-0.2814586840138178,0.6188620832812373,-0.09087082566408311,0.6702778590630813,0.0,0.0,-1.1733914827040695,0.0,0.0,0.0
162,-0.6728913161867609,0.7518730427208802,0.7672377720418238,0.2578104937307899,0.774842074009251,-0.18670459701216613,0.0,0.0,-3.048192256994335,0.0,0.0,0.0
163,-0.3523261566500455,0.9974927379657363,0.6937913792484081,0.3548420810808717,0.7377112806646549,0.491964699155941,0.0,0.0,2.1782427107543723,0.0,0.0,0.0
164,-0.057245511091771784,-0.40113238570076337,0.6081131470118002,-0.7966713721568892,0.8999175923880158,0.9537475378568405,0.0,0.0,-1.9608351123618653,0.0,0.0,0.0
165,0.5895524646474628,0.8008386990668239,0.1127091534711877,0.554335659021479,-0.7650633397057287,-0.16044147020428823,0.0,0.0,-0.6296576987678534,0.0,0.0,0.0
166,-0.6384981759478827,0.46560548131843027,-0.317624826657362,0.43351108684638917,0.39750136375664824,0.9896782846329324,0.0,0.0,1.027166853987638,0.0,0.0,0.0
167,0.40366911586034937,0.5123879018638406,0.7151560766200005,0.22872956409117928,-0.4603604552872662,0.3089526559761908,0.0,0.0,2.100380367197741,0.0,0.0,0.0
168,0.4053159372512145,-0.9324205710047877,-0.8157126602066738,0.5405741582183443,-0.3451173553279443,-0.06270780896708006,0.0,0.0,-1.447821209858472,0.0,0.0,0.0
169,-0.9974092220481741,-0.22301540070601722,-0.02056085185504264,0.42090653250116716,-0.48788860577505067,0.49411372708317636,0.0,0.0,2.2491299008035845,0.0,0.0,0.0
170,0.49439967075678415,-0.587838944036853,-0.9753566493115213,0.6738654557921582,0.455465744042719,-0.38935193503308674,0.0,0.0,1.0958961290768716,0.0,0.0,0.0
171,-0.7921225293989165,-0.9257344576852988,-0.721627583757918,0.9223725577395849,0.07725055758993982,-0.6923732858527236,0.0,0.0,0.5142914698633014,0.0,0.0,0.0
172,-0.28486424818616407,0.5679763743870032,-0.8134579209614032,0.7922819485956478,0.25090391505952514,-0.6990504168870078,0.0,0.0,0.13315102767415213,0.0,0.0,0.0
173,-0.26544298840223823,-0.40794049075753924,-0.9255180149667719,0.8233864352483766,-0.6812081351491246,0.936627943614748,0.0,0.0,0.8804768880433107,0.0,0.0,0.0
174,-0.7418770937352559,0.7796671372239168,0.9884960065568016,-0.45966801992763173,-0.2705637716092626,-0.7583128372413916,0.0,0.0,-0.29630264031697656,0.0,0.0,0.0
175,-0.5112980267246536,-0.28046609959443125,0.9602675263273928,0.2353763704466758,-0.770066589607159,0.03182619674087772,0.0,0.0,1.079546570614016,0.0,0.0,0.0
176,-0.8187123596156585,-0.5064740817061919,-0.551266857233583,-0.607000735304905,-0.9753312082616628,-0.7757650164237055,0.0,0.0,-0.8038785332053748,0.0,0.0,0.0
177,0.0858083337979143,-0.8360206032764668,-0.055431006354276224,-0.1033271403595879,-0.4555924490014627,-0.8286283385499618,0.0,0.0,-2.7085628065609963,0.0,0.0,0.0
178,0.1459405372081446,0.5667050423985973,0.6771932431313747,-0.5119647124111519,0.3634402502167069,-0.7584239021541299,0.0,0.0,-1.1573980051546184,0.0,0.0,0.0
179,-0.9314609201981461,-0.3436218274095917,-0.687474405354636,0.5619366349556663,-0.20115009838673648,-0.36990385416313587,0.0,0.0,-2.2550279199577377,0.0,0.0,0.0
180,0.21490590241965246,0.14326137160515717,0.5194771020010183,0.06402906841892309,-0.13715571970741092,0.360551983329481,0.0,0.0,2.6218297179530907,0.0,0.0,0.0
181,-0.7117812269430184,-0.9093590328285994,-0.868108266882786,-0.02003176674583851,0.5131524440053234,0.7421863798810338,0.0,0.0,1.2178954185095672,0.0,0.0,0.0
182,-0.4867095218546471,-0.4754109030504414,0.7997853910703934,0.3100670302231747,-0.1882399226630087,-0.8530635804218261,0.0,0.0,-2.5131461511665556,0.0,0.0,0.0
183,-0.2833855131743308,0.34831236922134323,0.7118445473110515,0.6139978330437101,0.2833990744028696,-0.6407968841595117,0.0,0.0,-0.2607001668376304,0.0,0.0,0.0
184,-0.3578077911633064,0.7743442161984708,0.8642315216709338,-0.479446093531815,-0.7767072229883034,0.4655634655429195,0.0,0.0,2.364402533923191,0.0,0.0,0.0
185,0.44027696179751263,-0.7788590885225553,0.7771517458334678,0.19685189551356008,-0.9991892104515654,-0.7527210778802567,0.0,0.0,-1.0976172508555961,0.0,0.0,0.0
186,0.14464660250046846,0.2281197325685167,0.195704749758971,-0.8325954646537117,-0.4919429330990852,-0.1874316607686597,0.0,0.0,1.5579643577419733,0.0,0.0,0.0
187,-0.9393094148078536,0.4789803345603465,0.7127798732250414,0.6028297484655232,0.6731342718009299,0.5876517179651781,0.0,0.0,-2.0116835013687933,0.0,0.0,0.0
188,0.9386275783719826,0.8215921302243576,-0.6610750079186476,-0.8147226917930432,0.9526688478956145,-0.9013800014770872,0.0,0.0,-2.46384266372345,0.0,0.0,0.0
189,0.6488793076956865,0.9642283798779305,-0.9228605027164845,0.00953864329255305,0.42704068555127717,0.7945425241770194,0.0,0.0,-0.8405881639295528,0.0,0.0,0.0
190,-0.8787101461906064,0.6212198355850971,0.1205818911925074,-0.35044801591830343,0.6924117934379128,0.41757296432301216,0.0,0.0,2.591297183693039,0.0,0.0,0.0
191,-0.3459540111663928,-0.24243100223840108,-0.7951759555180491,0.019541495181612634,-0.08447346569118186,0.381523746191889,0.0,0.0,-3.114843367090365,0.0,0.0,0.0
192,0.10300284933198478,0.4378428339209348,-0.9466788889925184,-0.9295638994683395,-0.08562044931403157,-0.4779234456837713,0.0,0.0,1.0593631040502245,0.0,0.0,0.0
193,0.14423567145225724,0.895961094205955,0.6284839320300326,-0.25484979811179875,0.3625105192369953,0.3304284647327371,0.0,0.0,2.6914078804777946,0.0,0.0,0.0
194,0.3231728459973189,0.42641564430661205,-0.4055535442941989,-0.38605032175542964,0.08249096519760535,-0.7992399020311722,0.0,0.0,3.1165908586434665,0.0,0.0,0.0
195,0.5351593079564692,-0.092997582929359,-0.3007398753703887,-0.6555966153872399,-0.47976797887315703,0.5482021567941815,0.0,0.0,-2.056451517874468,0.0,0.0,0.0
196,0.012470153437293963,0.0015085710746975955,0.243707619881258,0.637639821041952,-0.7494272761930614,0.5191627236517222,0.0,0.0,0.810796345266423,0.0,0.0,0.0
197,0.42509713266949967,-0.6715452295661846,-0.419422887748337,0.7375686249789157,0.15268039642702225,0.7342872107743514,0.0,0.0,1.9903829615733768,0.0,0.0,0.0
198,-0.5838509959435287,-0.6508215615637241,0.3075255322224917,0.8072247686583605,0.8921736280461667,-0.9027100031556992,0.0,0.0,1.5201890536618623,0.0,0.0,0.0
199,-0.7087797469311561,0.6960515137777008,-0.22904413209813135,-0.6353181241880446,0.09894639748813061,0.7027195728508697,0.0,0.0,-1.7454574518777162,0.0,0.0,0.0
