session,kind,test,role,task,seed,planner_input,lens_input,set,n,median,p99,max,rule_pass,worst_dist_over_r_eff_d1
20260925T214748Z,data,positive_control,positive,cartpole-swingup,2,identity,identity,random,1000,1.36674e-07,2.02402e-07,2.29743e-07,True,0.1848;0.09968;0.169;0.2261;0.2325
20260925T214748Z,data,positive_control,positive,cartpole-swingup,2,identity,identity,d4,25050,2.0349e-07,3.35092e-07,4.52026e-07,True,0.6419;0.7073;0.5731;0.7694;0.7663
20260925T214748Z,data,negative_control,negative,cartpole-swingup,1,identity,symlog,random,1000,0.430052,1.02936,1.35079,False,1.181;2.132;1.452;1.851;3.423
20260925T214748Z,data,negative_control,negative,cartpole-swingup,1,identity,symlog,d4,25050,0.34615,0.806275,1.24701,False,3.239;3.188;3.29;3.254;3.327
20260925T214748Z,data,gate_cartpole-swingup-seed1,gate,cartpole-swingup,1,symlog,symlog,random,1000,2.35321e-07,3.7373e-07,4.90074e-07,True,2.072;1.462;2.818;3.261;1.293
20260925T214748Z,data,gate_cartpole-swingup-seed1,gate,cartpole-swingup,1,symlog,symlog,d4,25050,3.49777e-07,5.4214e-07,6.81565e-07,True,2.682;2.298;1.925;0.8409;2.728
20260925T214748Z,data,gate_humanoid-run-seed3,gate,humanoid-run,3,symlog,symlog,random,1000,2.21497e-07,3.95185e-07,6.49767e-07,True,1.366;1.335;1.345;1.362;1.337
20260925T214748Z,data,gate_humanoid-run-seed3,gate,humanoid-run,3,symlog,symlog,d4,25050,3.01567e-07,4.03874e-07,5.212e-07,True,1.195;1.216;0.7887;1.184;0.9231
20260927T141627Z,data,positive_control,positive,cartpole-swingup,2,identity,identity,random,1000,1.36674e-07,2.02402e-07,2.29743e-07,True,0.1848;0.09968;0.169;0.2261;0.2325
20260927T141627Z,data,positive_control,positive,cartpole-swingup,2,identity,identity,d4,25050,2.0349e-07,3.35092e-07,4.52026e-07,True,0.6419;0.7073;0.5731;0.7694;0.7663
20260927T141627Z,data,negative_control,negative,cartpole-swingup,1,identity,symlog,random,1000,0.430052,1.02936,1.35079,False,1.181;2.132;1.452;1.851;3.423
20260927T141627Z,data,negative_control,negative,cartpole-swingup,1,identity,symlog,d4,25050,0.34615,0.806275,1.24701,False,3.239;3.188;3.29;3.254;3.327
20260927T141627Z,data,gate_cartpole-swingup-seed1,gate,cartpole-swingup,1,symlog,symlog,random,1000,2.35321e-07,3.7373e-07,4.90074e-07,True,2.072;1.462;2.818;3.261;1.293
20260927T141627Z,data,gate_cartpole-swingup-seed1,gate,cartpole-swingup,1,symlog,symlog,d4,25050,3.49777e-07,5.4214e-07,6.81565e-07,True,2.682;2.298;1.925;0.8409;2.728
20260927T141627Z,data,gate_humanoid-run-seed3,gate,humanoid-run,3,symlog,symlog,random,1000,2.21497e-07,3.95185e-07,6.49767e-07,True,1.366;1.335;1.345;1.362;1.337
20260927T141627Z,data,gate_humanoid-run-seed3,gate,humanoid-run,3,symlog,symlog,d4,25050,3.01567e-07,4.03874e-07,5.212e-07,True,1.195;1.216;0.7887;1.184;0.9231
20260925T211407Z,smoke,positive_control,positive,cartpole-swingup,2,identity,identity,random,1000,1.36674e-07,2.02402e-07,2.29743e-07,True,0.1848;0.09968;0.169;0.2261;0.2325
20260925T211407Z,smoke,positive_control,positive,cartpole-swingup,2,identity,identity,d4,25050,2.0349e-07,3.35092e-07,4.52026e-07,True,0.6419;0.7073;0.5731;0.7694;0.7663
20260925T211407Z,smoke,negative_control,negative,cartpole-swingup,1,identity,symlog,random,1000,0.430052,1.02936,1.35079,False,1.181;2.132;1.452;1.851;3.423
20260925T211407Z,smoke,negative_control,negative,cartpole-swingup,1,identity,symlog,d4,25050,0.34615,0.806275,1.24701,False,3.239;3.188;3.29;3.254;3.327
20260925T211407Z,smoke,gate_cartpole-swingup-seed1,gate,cartpole-swingup,1,symlog,symlog,random,1000,2.35321e-07,3.7373e-07,4.90074e-07,True,2.072;1.462;2.818;3.261;1.293
20260925T211407Z,smoke,gate_cartpole-swingup-seed1,gate,cartpole-swingup,1,symlog,symlog,d4,25050,3.49777e-07,5.4214e-07,6.81565e-07,True,2.682;2.298;1.925;0.8409;2.728
20260925T211407Z,smoke,gate_humanoid-run-seed3,gate,humanoid-run,3,symlog,symlog,random,1000,2.21497e-07,3.95185e-07,6.49767e-07,True,1.366;1.335;1.345;1.362;1.337
20260925T211407Z,smoke,gate_humanoid-run-seed3,gate,humanoid-run,3,symlog,symlog,d4,25050,3.01567e-07,4.03874e-07,5.212e-07,True,1.195;1.216;0.7887;1.184;0.9231
20260927T141335Z,smoke,positive_control,positive,cartpole-swingup,2,identity,identity,random,1000,1.36674e-07,2.02402e-07,2.29743e-07,True,0.1848;0.09968;0.169;0.2261;0.2325
20260927T141335Z,smoke,positive_control,positive,cartpole-swingup,2,identity,identity,d4,25050,2.0349e-07,3.35092e-07,4.52026e-07,True,0.6419;0.7073;0.5731;0.7694;0.7663
20260927T141335Z,smoke,negative_control,negative,cartpole-swingup,1,identity,symlog,random,1000,0.430052,1.02936,1.35079,False,1.181;2.132;1.452;1.851;3.423
20260927T141335Z,smoke,negative_control,negative,cartpole-swingup,1,identity,symlog,d4,25050,0.34615,0.806275,1.24701,False,3.239;3.188;3.29;3.254;3.327
20260927T141335Z,smoke,gate_cartpole-swingup-seed1,gate,cartpole-swingup,1,symlog,symlog,random,1000,2.35321e-07,3.7373e-07,4.90074e-07,True,2.072;1.462;2.818;3.261;1.293
20260927T141335Z,smoke,gate_cartpole-swingup-seed1,gate,cartpole-swingup,1,symlog,symlog,d4,25050,3.49777e-07,5.4214e-07,6.81565e-07,True,2.682;2.298;1.925;0.8409;2.728
20260927T141335Z,smoke,gate_humanoid-run-seed3,gate,humanoid-run,3,symlog,symlog,random,1000,2.21497e-07,3.95185e-07,6.49767e-07,True,1.366;1.335;1.345;1.362;1.337
20260927T141335Z,smoke,gate_humanoid-run-seed3,gate,humanoid-run,3,symlog,symlog,d4,25050,3.01567e-07,4.03874e-07,5.212e-07,True,1.195;1.216;0.7887;1.184;0.9231
