kind,file,bytes,sha256
data,data/r6/planner/cartpole-swingup-seed1.npz,703708,0e47fa8ae7b2bc884549d991f146dfdc69365d012d90683e6333183a4ac3df96
data,data/r6/planner/cartpole-swingup-seed2.npz,703708,96956a2908dc886f70c994b43a9c1ee4929dd20e5157eb6cab356ee1802ab003
data,data/r6/planner/cartpole-swingup-seed3.npz,703708,3b594d2fc3d485ae0c388bfc1947b04c99f92c3bc4d617e3e95190c02e9626bb
data,data/r6/planner/cheetah-run-seed1.npz,2406108,dc8005cee4990d6f85b79715db58959d849233b88e96d865b20d8115ffc0ebd4
data,data/r6/planner/cheetah-run-seed2.npz,2406108,d3fae0f3763974a09f4d31fd88d1f2533aaf94f06f21f1b5d6582a228ad8bf0b
data,data/r6/planner/cheetah-run-seed3.npz,2406108,796e2d60f17740356ebe36a7d3367ff0a89ff2469ac19bc1898432ae72a06706
data,data/r6/planner/dog-run-seed1.npz,26247308,e12289e179c77c4911771283c9836ef5a023d41ecab6beb97c695e78aa17ae6e
data,data/r6/planner/dog-run-seed2.npz,26247308,011d95c5322630347d3ad3476ebd4029636d2f816df7fc591962a9db844c1274
data,data/r6/planner/dog-run-seed3.npz,26247308,7748dd521f563c8044dd7c7a153c82f24dcfd0d3701b3c7fce8572be19b6578f
data,data/r6/planner/humanoid-run-seed1.npz,8916108,f12bc5deb1fd3412dace181537e8da94cd005873f2aa7d9b4015aa8359bf5060
data,data/r6/planner/humanoid-run-seed2.npz,8916108,95b3700b6cd9ee5ae9af4e94e7882c34777fa883405a24be51a7a122d9f1ebfa
data,data/r6/planner/humanoid-run-seed3.npz,8916108,e15ddb265e638ff61a0fb2e8dcfd21c36a8ae4b2163103f97402623425ea7664
data,data/r6/planner/walker-run-seed1.npz,3107508,baaab87fd82db8dc04f9dc1bf3b0fb99254f8e62519bee64b157e508cbb8febc
data,data/r6/planner/walker-run-seed2.npz,3107508,a0101c5e859f15feaf46e80fd25242e47601ee09119ce65c4cea17423008717e
data,data/r6/planner/walker-run-seed3.npz,3107508,54747c2804450bbea614d834d70d14d1180d8f63bdaf15c2f63e15946cf83674
smoke,data/r6/planner_smoke/cartpole-swingup-seed1-smoke-20260925T211407Z.npz,15552,fbaf61b491c45e41f675a00cec5dd1c15bfc000510cdc1bfbdef7e02076bd5ee
smoke,data/r6/planner_smoke/cartpole-swingup-seed1-smoke-20260927T141335Z.npz,15552,a81ee0b7277a9272b17749da33abab0cb70edcaa983a9bc3b59edbc7d4fd4526
