task,seed,reading,k,max_ratio,max_ratio_i,max_ratio_r_eff,max_ratio_D,max_ratio_z_inside,umin_i,umin_ratio,umin_z_inside,n_dirs_z_inside,n_dirs_ratio_ge_5
cartpole-swingup,1,symlog,5,1.8456116921087706,0,0.2813663648250866,0.5192930526873217,True,0,1.8456116921087706,True,5,0
cartpole-swingup,2,identity,5,0.8389059878634747,4,4.5974353878033005,3.856816075643625,True,0,0.3456084820532349,True,5,0
cartpole-swingup,3,identity,5,0.775944476922294,4,4.993428209718374,3.8746230402389505,True,0,0.32490518646259126,True,5,0
cheetah-run,1,identity,17,1.5337004723971743,14,12.304192977353898,18.870946581833667,True,0,0.6475696444775305,True,17,0
cheetah-run,2,identity,17,1.398458419090962,4,0.706619179766895,0.9881775410361642,True,0,0.30931258018797037,True,17,0
cheetah-run,3,identity,17,1.5440707071264292,11,7.588831380263092,11.71769223558607,True,0,0.2555462709917776,True,17,0
walker-run,1,identity,24,5.004613583912617,18,3.205104786318483,16.040310951472826,True,0,0.9311082711505553,True,21,1
walker-run,2,identity,24,5.262784360208885,18,3.296196589285612,17.347171858266186,True,0,0.7948888293240881,True,22,1
walker-run,3,identity,24,4.776417708450796,18,3.403190100316349,16.25505746037545,True,0,0.8620490767005831,True,21,0
humanoid-run,1,identity,67,2.464951013826712,55,16.71061683819018,41.19085191696661,True,0,0.6766419112000067,False,59,0
humanoid-run,2,identity,67,2.2035648334721234,57,19.034443414903535,41.94363013379646,True,0,0.6880398826627978,True,61,0
humanoid-run,3,symlog,67,0.7578013912485988,52,6.3123427379159684,4.78350210883071,True,0,0.1463571665196448,False,61,0
dog-run,1,identity,223,2.083427784222385,4,0.2598362760102567,0.5413501167886452,True,0,0.9357173836134092,False,184,0
dog-run,2,identity,223,1.6866155173243826,100,2.364998528667486,3.988843216899916,True,0,0.6985698423961924,False,199,0
dog-run,3,identity,223,1.8197473674402,54,0.8724786252222965,1.587690681396119,True,0,0.3364790948710816,True,175,0
