task,seed,reading,n,w_z_mu,frac_w_x_gt_w_z,z_nn_dist,data_nn_median,data_nn_p95,z_nn_percentile
cartpole-swingup,1,symlog,25050,5.770554632372355,0.03217564870259481,1.4522251988065757,0.005757126040625634,0.02963975755740013,100.0
cartpole-swingup,2,identity,25050,5.699407791513864,0.036726546906187624,4.13268191682541,0.004241777950196596,0.05593713610525122,100.0
cartpole-swingup,3,identity,25050,7.09857665350762,0.005429141716566866,4.749461597229225,0.007303102559139855,0.06264657048586049,100.0
cheetah-run,1,identity,25050,4.833097339696055,0.14439121756487025,2.728356556866868,0.7486795054486474,2.1435481970813983,96.93413173652694
cheetah-run,2,identity,25050,3.5499120649626237,0.4074650698602794,2.588586221358372,1.0213261396216313,1.9526765635889527,98.16367265469061
cheetah-run,3,identity,25050,6.0033055501916035,0.08419161676646707,3.8369593907953212,1.1553754903133764,1.8207800197135806,99.78842315369262
walker-run,1,identity,25050,16.99104217137654,0.013932135728542914,13.284373049308254,0.4799194154900802,2.1343317239929442,99.98003992015968
walker-run,2,identity,25050,16.088720588207394,0.016766467065868262,12.931875930412474,0.4862849523515483,1.86994046625397,99.92015968063872
walker-run,3,identity,25050,16.547088272329663,0.01688622754491018,13.750270696352677,0.49341718409202096,1.6261041104562184,99.97604790419162
humanoid-run,1,identity,25050,52.38157139497527,0.0,41.56736887682693,3.669074245273964,9.398528681355131,100.0
humanoid-run,2,identity,25050,46.49117958299536,0.0,41.21190579790167,4.019851741432708,7.467923762412262,100.0
humanoid-run,3,symlog,25050,52.26464732328635,0.0,44.95351499530364,3.3051648180942585,11.57176182540636,100.0
dog-run,1,identity,25050,3624.236179118482,0.0,3609.0911806514055,12.622133976631185,17.932316463425195,100.0
dog-run,2,identity,25050,876.0396760625149,0.0,863.4673430681983,12.660345985275349,17.622247377101875,100.0
dog-run,3,identity,25050,10005.949944630327,0.0,9984.196992884392,11.070394840430911,21.556803281229747,100.0
