task,seed,reading,k,trained_norm_z_star,trained_dist_z_mu,trained_w_z_mu,trained_r_eff_d1_over_D,trained_anisotropy,trained_width_min,init_norm_z_star,init_dist_z_mu,init_w_z_mu,D,init_r_eff_d1_over_D_p5,init_r_eff_d1_over_D_p50,init_r_eff_d1_over_D_p95,init_anisotropy_p5,init_anisotropy_p50,init_anisotropy_p95,init_width_min_p5,init_width_min_p50,init_width_min_p95
cartpole-swingup,1,symlog,5,1.6074413719781793,1.708271932755946,5.770554632372355,0.49610866262147274,4.098365916253398,0.2812498228685877,0.0,0.5651928891797529,3.115424341585723,2.0054900747542086,0.07394093254523963,0.07916698610446984,0.08506458511991026,1.1546587785002032,1.2290845557285168,1.3148866146429081,0.1371914414554012,0.14407553052438687,0.15063696368896481
cartpole-swingup,2,identity,5,0.4867581855934791,0.778016821385813,5.699407791513864,1.0388336656931172,4.6781486737435,0.982428947471283,0.0,0.8575666068773241,4.49504982144375,3.817822915719188,0.038687805450612726,0.041555103615977265,0.04485984122029102,1.1546587785002032,1.2290845557285168,1.3148866146429081,0.1371914414554012,0.14407553052438687,0.15063696368896481
cartpole-swingup,3,identity,5,1.182127426204407,1.0957730887366117,7.09857665350762,1.1746346361775355,5.015534076248798,0.9954268533826327,0.0,0.8587981919969092,4.309582853340043,3.80645817191528,0.03882120362534807,0.04167718632230481,0.04500913840086897,1.1546587785002032,1.2290845557285168,1.3148866146429081,0.1371914414554012,0.14407553052438687,0.15063696368896481
cheetah-run,1,identity,17,3.7464902644420035,6.792323366487979,4.833097339696055,0.44073504181604556,93.38088337017994,0.16282363308226377,0.0,8.476199905061687,6.206798762663055,23.590129849428155,0.0062586650106601594,0.00672768021988545,0.007268897283883044,1.5118541804344054,1.5954588273505683,1.7004091981694027,0.12465617049192938,0.12923082181133272,0.1338702989380811
cheetah-run,2,identity,17,3.6959180998797057,6.268014155039566,3.5499120649626237,0.5363320830750867,138.7399231166325,0.14890786555710142,0.0,9.433959868177379,6.175544415444365,27.204612455490263,0.0054353777111085496,0.005813886762962857,0.006275310413155451,1.5118541804344054,1.5954588273505683,1.7004091981694027,0.12465617049192938,0.12923082181133272,0.1338702989380811
cheetah-run,3,identity,17,3.488442258297356,7.256229027606273,6.0033055501916035,0.5872149530217281,141.835499202554,0.15167257717909663,0.0,9.696528269721842,10.900955072293112,26.30837733448309,0.005626665158161531,0.006023400927293147,0.006480207158260798,1.5118541804344054,1.5954588273505683,1.7004091981694027,0.12465617049192938,0.12923082181133272,0.1338702989380811
walker-run,1,identity,24,2.6936606457733667,5.5104228633631624,16.99104217137654,0.3951130039328991,74.36511582413604,0.21868384566252477,0.0,7.9382126713872685,25.45170769534116,34.90675008516669,0.004215561599219752,0.00453838716197579,0.004920179192497615,1.6903415833244777,1.7839670869284925,1.900307746960878,0.11978510389111353,0.12412572605127051,0.1280162469908512
walker-run,2,identity,24,3.002857694179346,5.826195270924998,16.088720588207394,0.4002855584550344,70.55720857349526,0.23409464946952488,0.0,7.83899606929709,24.012918352953054,36.18393491686362,0.004067372175041627,0.004377444239321111,0.00475211560774457,1.6903415833244777,1.7839670869284925,1.900307746960878,0.11978510389111353,0.12412572605127051,0.1280162469908512
walker-run,3,identity,24,3.2284547389505267,5.927065415262595,16.547088272329663,0.4262036073131725,73.88605883595014,0.23858561836917444,0.0,7.937998161644399,23.858678034442974,36.694991995909916,0.004007661570884586,0.004317803956716818,0.00468201317104016,1.6903415833244777,1.7839670869284925,1.900307746960878,0.11978510389111353,0.12412572605127051,0.1280162469908512
humanoid-run,1,identity,67,6.853685043079786,11.940286914472228,52.38157139497527,0.2453879834767124,171.69112251562177,0.365914564310263,0.0,8.680343823625513,38.161206743130435,71.24729902595422,0.002061327084454912,0.0022273316562784985,0.0024077066170047376,2.7948016686620605,2.945554371736568,3.134670222459502,0.10369037707254997,0.1065889361541218,0.1090776150397479
humanoid-run,2,identity,67,5.852949253756044,12.675360496927851,46.49117958299536,0.32879954961461166,140.7361916945108,0.3625688713830537,0.0,11.842132377267728,35.31679111008829,73.75745132148346,0.002002864792195159,0.002148816816880149,0.0023138808929130702,2.7948016686620605,2.945554371736568,3.134670222459502,0.10369037707254997,0.1065889361541218,0.1090776150397479
humanoid-run,3,symlog,67,1.6864929502133479,3.6713408314362117,52.26464732328635,0.7320457443156319,28.317864447769335,0.7790245886787779,0.0,3.312296611943238,32.52022579879046,8.02243274879216,0.018528822924207274,0.019795285830935865,0.021318927247348914,2.7948016686620605,2.945554371736568,3.134670222459502,0.10369037707254997,0.1065889361541218,0.1090776150397479
dog-run,1,identity,223,562.523475335692,560.1061547028993,3624.236179118482,0.29060640039370494,9927.134313002172,0.16076085099649023,0.0,50.18066108545014,32.753016198905584,316.4647500038334,0.00046777661914970404,0.0005013218500280632,0.0005394031574663398,23.3817277502723,26.76329776638908,32.28979390998361,0.08128501802669268,0.08280213623916949,0.08418065915464532
dog-run,2,identity,223,632.7990352586031,591.6089865708431,876.0396760625149,0.3078992981410902,9042.51202748388,0.21331827956157293,0.0,154.09040036548888,24.679273660023675,1128.344989384979,0.00013116141305197858,0.00014090411042387584,0.00015227213280186787,23.3817277502723,26.76329776638908,32.28979390998361,0.08128501802669268,0.08280213623916949,0.08418065915464532
dog-run,3,identity,223,769.1837363083241,776.5877046278267,10005.949944630327,0.29713146645365207,10988.655087699171,0.18774808200356943,0.0,42.625106102966285,39.95277255503654,179.39833426624176,0.0008273459432716842,0.0008848370316085034,0.0009534156436870555,23.3817277502723,26.76329776638908,32.28979390998361,0.08128501802669268,0.08280213623916949,0.08418065915464532
