task,seed,role,layout,data,candidate,e,e0,e_over_e0,n
cartpole-swingup,1,gate (D6 (b)),prerelease,planner,identity,1.7185287262212985,16.397572907915198,0.10480384724447575,25000
cartpole-swingup,1,gate (D6 (b)),prerelease,planner,symlog,0.0005919134904376191,16.056604070456586,3.686417674872564e-05,25000
cartpole-swingup,1,gate (D6 (b)),prerelease,planner,layernorm,1.7665050091986305,15.96650217568793,0.1106381967547328,25000
humanoid-run,3,reported (D6 (b)),prerelease,planner,identity,30.837513360668176,31.150516951464088,0.9899518973863707,25000
humanoid-run,3,reported (D6 (b)),prerelease,planner,symlog,0.05593476276253055,8.27419271140343,0.006760147450450566,25000
humanoid-run,3,reported (D6 (b)),prerelease,planner,layernorm,6.095222760629504,6.431294033760615,0.9477443775129968,25000
cheetah-run,1,calibration (D6 (c)),public,planner,identity,0.03726068508877972,14.791650286409496,0.0025190350209276296,25000
cheetah-run,1,calibration (D6 (c)),public,planner,symlog,1.6929924913990324,8.869865166845287,0.19087014960805465,25000
cheetah-run,1,calibration (D6 (c)),public,planner,layernorm,8.829959892137014,17.020315432980013,0.5187894388271637,25000
walker-run,1,calibration (D6 (c)),public,planner,identity,0.027670741793757208,13.20721336473261,0.002095123401856045,25000
walker-run,1,calibration (D6 (c)),public,planner,symlog,6.274416559372668,11.419545507451996,0.5494453833804684,25000
walker-run,1,calibration (D6 (c)),public,planner,layernorm,25.02382045540528,25.560052273028447,0.9790207073172142,25000
humanoid-run,1,calibration (D6 (c)),public,planner,identity,0.03396674473959069,9.61863055692698,0.0035313493473485267,25000
humanoid-run,1,calibration (D6 (c)),public,planner,symlog,2.4286087059509707,5.042019108668319,0.4816738401041893,25000
humanoid-run,1,calibration (D6 (c)),public,planner,layernorm,4.678030551969037,4.7647237450633195,0.9818052005251923,25000
cartpole-swingup,2,calibration (D6 (c)),public,planner,identity,2.464232256522972e-05,7.1290820399519745,3.4565912451465807e-06,25000
cartpole-swingup,2,calibration (D6 (c)),public,planner,symlog,0.996214507725511,6.981423686380039,0.14269503649649737,25000
cartpole-swingup,2,calibration (D6 (c)),public,planner,layernorm,1.418492812820387,11.41800554508186,0.12423297634772847,25000
