task,seed,reading,rule,line,status,s_star,r_star_l,r_eff_l,kappa_l,T,n_grid,max_rel_dev
cartpole-swingup,1,symlog,D7 (4),mu + s d1,ok,-0.19235106452552042,2.219017565537978,2.2192022949344032,0.00016650349100147635,6.65760688480321,2001,4.119251050303943e-16
cartpole-swingup,1,symlog,D7 (4),mu + s d2,ok,-0.9462055603396682,0.8280191318728125,0.828176882326056,0.0003810672341288483,2.4845306469781683,2001,6.654266535190335e-16
cartpole-swingup,1,symlog,D7 (4),x[21300] + s d1,ok,-0.05808322764849551,2.5134229484014856,2.513586041341582,0.00012978176367088582,7.540758124024745,2001,3.9777161507714163e-16
cartpole-swingup,1,symlog,D7 (4),x[20372] + s d1,ok,-0.07257737884363559,2.497657815259694,2.497821937569581,0.0001314252906565652,7.4934658127087435,2001,4.429776875265473e-16
cartpole-swingup,1,symlog,D7 (4),x[15950] + s d1,ok,-0.06569513226284006,2.4981399651436513,2.4983040557794305,0.00013137456445665228,7.494912167338292,2001,4.246167304834519e-16
cartpole-swingup,1,symlog,D7 (4),x[12800] + s d1,ok,-0.06712659603701084,2.502136128970944,2.502299957554595,0.0001309552626913985,7.5068998726637854,2001,4.1681399952054714e-16
cartpole-swingup,1,symlog,D7 (4),x[6756] + s d1,ok,-0.05697690627144648,2.4965614143268184,2.496725608708645,0.00013154075062571236,7.490176826125935,2001,4.596852547599863e-16
cartpole-swingup,1,symlog,D7 (4),x[1026] + s d1,ok,1.3711677727367058,1.3768798696711508,1.3771775648701492,0.00043246675021735656,4.131532694610447,2001,6.504127548723794e-16
cartpole-swingup,1,symlog,D7 (4),x[413] + s d1,ok,-0.0678162603659288,2.5067825055044146,2.5069460304480065,0.0001304702556720369,7.52083809134402,2001,4.071573792310278e-16
cartpole-swingup,1,symlog,D7 (4),x[7709] + s d1,ok,-0.030337049204340237,2.492844457557202,2.4930088967449935,0.00013193331085355374,7.4790266902349805,2001,4.230834059589831e-16
cartpole-swingup,1,symlog,D7 (4),x[4390] + s d1,ok,-0.06060967291869556,2.5201020566700434,2.5202647173875627,0.00012909474565158486,7.560794152162688,2001,4.696734112634204e-16
cartpole-swingup,1,symlog,D7 (4),x[1884] + s d1,ok,-0.06846900896176798,2.50107010656752,2.5012340049746835,0.00013106691969324322,7.50370201492405,2001,4.156402951637153e-16
cartpole-swingup,1,symlog,D6 (g),z* + t d1,ok,0.0,0.9945288942962536,0.9949409988869479,0.0008289150275880873,3.141731326350411,2001,1.3002869218171137e-15
cartpole-swingup,1,symlog,D6 (g),z* + t d2,ok,0.0,0.561417788166164,0.5616504237880424,0.0008289150275880873,1.7067169831910205,2001,8.607189021684111e-16
cartpole-swingup,1,symlog,D6 (g),z* + t u_min,ok,0.0,0.2812498228685876,0.2813663648250866,0.0008289150275880873,0.8440990944752598,2001,8.03629676094824e-16
cartpole-swingup,2,identity,D7 (4),mu + s d1,ok,-0.8333043780427605,4.470501064354489,4.471638567441614,0.0005089576258030432,13.414915702324842,2001,4.279137398725664e-16
cartpole-swingup,2,identity,D7 (4),mu + s d2,ok,-0.6730094671988891,1.4459499158252156,1.4463824974724304,0.0005984250902858481,4.3391474924172915,2001,5.104513041049741e-16
cartpole-swingup,2,identity,D7 (4),x[21300] + s d1,ok,-1.3975077305804455,4.69753175163009,4.698614292428092,0.0004609508100793717,14.095842877284275,2001,4.616984788723536e-16
cartpole-swingup,2,identity,D7 (4),x[20372] + s d1,ok,-1.3962753290208052,4.697418615958842,4.69850118282345,0.00046097301402225243,14.09550354847035,2001,4.229649330569062e-16
cartpole-swingup,2,identity,D7 (4),x[15950] + s d1,ok,-1.4239758023692168,4.704835261118592,4.705916121830215,0.0004595208150191101,14.117748365490645,2001,4.888139070211654e-16
cartpole-swingup,2,identity,D7 (4),x[12800] + s d1,ok,-1.4093382815181847,4.703217495685154,4.704298728094933,0.00045983699208056075,14.1128961842848,2001,4.651058077564369e-16
cartpole-swingup,2,identity,D7 (4),x[6756] + s d1,ok,-1.4024412530600108,4.702087416742857,4.703168908951516,0.0004600580490286879,14.109506726854548,2001,5.987286618202824e-16
cartpole-swingup,2,identity,D7 (4),x[1026] + s d1,ok,0.9612038226712449,5.812327757226571,5.81320270323194,0.00030108827167217063,17.43960810969582,2001,5.635729624366592e-16
cartpole-swingup,2,identity,D7 (4),x[413] + s d1,ok,-1.4047585618373157,4.6991420563428905,4.7002242262606115,0.00046063494642938237,14.100672678781834,2001,4.531778164620189e-16
cartpole-swingup,2,identity,D7 (4),x[7709] + s d1,ok,-1.407028925410854,4.703044490537509,4.7041257627121205,0.0004598708236252542,14.112377288136361,2001,4.862397120164e-16
cartpole-swingup,2,identity,D7 (4),x[4390] + s d1,ok,-1.410499296637169,4.701751969978671,4.70283353932871,0.0004601236971062691,14.10850061798613,2001,5.12182798937863e-16
cartpole-swingup,2,identity,D7 (4),x[1884] + s d1,ok,-1.424562683428586,4.706660305463793,4.707740747159428,0.00045916451853081954,14.123222241478285,2001,4.508320353383947e-16
cartpole-swingup,2,identity,D6 (g),z* + t d1,ok,0.0,3.9648004299348827,3.9660829745037494,0.0006470701524885119,11.898248923511249,2001,4.341500175817356e-16
cartpole-swingup,2,identity,D6 (g),z* + t d2,ok,0.0,1.3905367256372692,1.3909865402891772,0.0006470701524885119,4.172959620867532,2001,4.559737096549146e-16
cartpole-swingup,2,identity,D6 (g),z* + t u_min,ok,0.0,0.9824289474712833,0.9827467462944884,0.0006470701524885119,2.948240238883465,2001,4.323058887917575e-16
cartpole-swingup,3,identity,D7 (4),mu + s d1,ok,-1.2435321564920665,4.9928850904229884,4.993551259120986,0.0002668649997925933,14.980653777362958,2001,4.3735492581676143e-16
cartpole-swingup,3,identity,D7 (4),mu + s d2,ok,-0.640117172994447,1.5738210956269296,1.5740515225455316,0.00029284623000811616,4.722154567636595,2001,4.113289374629613e-16
cartpole-swingup,3,identity,D7 (4),x[21300] + s d1,ok,-1.7834750529265948,5.234579986142348,5.235215399830522,0.000242790159119346,15.705646199491564,2001,4.4404377121203585e-16
cartpole-swingup,3,identity,D7 (4),x[20372] + s d1,ok,-1.7827184335163857,5.215948421105696,5.216586104238634,0.00024452776825152297,15.649758312715903,2001,4.108621956596972e-16
cartpole-swingup,3,identity,D7 (4),x[15950] + s d1,ok,-1.7933629089134886,5.21339877158127,5.214036766539501,0.00024476700280431327,15.642110299618505,2001,3.9784275115650694e-16
cartpole-swingup,3,identity,D7 (4),x[12800] + s d1,ok,-1.7951317867973446,5.234973935495418,5.2356093013723815,0.00024275361894611288,15.706827904117144,2001,4.986011902923261e-16
cartpole-swingup,3,identity,D7 (4),x[6756] + s d1,ok,-1.7859058553891514,5.23852444511638,5.239159380414237,0.0002424246686913705,15.717478141242712,2001,4.756074252292223e-16
cartpole-swingup,3,identity,D7 (4),x[1026] + s d1,ok,0.6396691288890611,6.655193619010927,6.655693409241772,0.00015020118903376882,19.96708022772532,2001,4.568712379533883e-16
cartpole-swingup,3,identity,D7 (4),x[413] + s d1,ok,-1.79969794714843,5.22790334530754,5.228539570394241,0.00024341069767976604,15.685618711182723,2001,4.180033220106231e-16
cartpole-swingup,3,identity,D7 (4),x[7709] + s d1,ok,-1.7763476011777477,5.240621872571,5.241256553782708,0.00024223065873707922,15.723769661348122,2001,4.485505871055514e-16
cartpole-swingup,3,identity,D7 (4),x[4390] + s d1,ok,-1.7937117880746456,5.22768131454706,5.228317566652306,0.00024343137446044915,15.684952699956918,2001,3.810781600975757e-16
cartpole-swingup,3,identity,D7 (4),x[1884] + s d1,ok,-1.7900641941075253,5.221322220459164,5.221959247366953,0.0002440246899510307,15.665877742100857,2001,4.137058392045979e-16
cartpole-swingup,3,identity,D6 (g),z* + t d1,ok,0.0,4.470453602869589,4.4711976098927115,0.00033288296933006045,13.413592829678134,2001,4.67640092111195e-16
cartpole-swingup,3,identity,D6 (g),z* + t d2,ok,0.0,1.4761462673812646,1.476391938914324,0.00033288296933006045,4.429175816742973,2001,4.2885776339271054e-16
cartpole-swingup,3,identity,D6 (g),z* + t u_min,ok,0.0,0.9954268533826329,0.9955925199202403,0.00033288296933006045,2.986777559760721,2001,4.0378529585888677e-16
cheetah-run,1,identity,D7 (4),mu + s d1,ok,-8.131316026751403,21.628542957275272,21.629314944564612,7.138724676289411e-05,64.88794483369384,2001,4.3923445657630593e-16
cheetah-run,1,identity,D7 (4),mu + s d2,ok,-1.5167322227756364,23.711110321639005,23.71185487158159,6.280276395731279e-05,71.13556461474477,2001,4.048691050331546e-16
cheetah-run,1,identity,D7 (4),x[21300] + s d1,ok,-1.808569442238621,23.037772074309917,23.03849684038258,6.29207955405994e-05,69.11549052114775,2001,4.409727298491604e-16
cheetah-run,1,identity,D7 (4),x[20372] + s d1,ok,-1.6242180581792998,22.108172547036656,22.108927786892096,6.832339975226519e-05,66.32678336067629,2001,4.1779747608280553e-16
cheetah-run,1,identity,D7 (4),x[15950] + s d1,ok,-29.228393033454413,27.89068559835356,27.891284259830545,4.292959381556755e-05,83.67385277949164,2001,4.840386886572099e-16
cheetah-run,1,identity,D7 (4),x[12800] + s d1,ok,-28.007077540815924,34.92964691996188,34.93012494208497,2.73707544266306e-05,104.79037482625492,2001,4.618901766910026e-16
cheetah-run,1,identity,D7 (4),x[6756] + s d1,ok,-11.235326938469964,36.253318281379734,36.253778850314156,2.540853537482727e-05,108.76133655094247,2001,4.319978838181029e-16
cheetah-run,1,identity,D7 (4),x[1026] + s d1,ok,-15.011536692383654,17.668302213481923,17.669247228543565,0.00010697579461616064,53.00774168563069,2001,4.922549958717328e-16
cheetah-run,1,identity,D7 (4),x[413] + s d1,ok,13.44706034369853,28.141744220882828,28.142337541683638,4.2167042009521314e-05,84.4270126250509,2001,4.644086815644288e-16
cheetah-run,1,identity,D7 (4),x[7709] + s d1,ok,-5.605322403518955,39.05376373287217,39.05419127596251,2.1895222879701355e-05,117.16257382788753,2001,4.598616862584926e-16
cheetah-run,1,identity,D7 (4),x[4390] + s d1,ok,-24.798963202692438,33.870620914212154,33.871113882344204,2.9109104361284126e-05,101.61334164703261,2001,4.3337529477138285e-16
cheetah-run,1,identity,D7 (4),x[1884] + s d1,ok,9.475178415322388,28.168595799232946,28.169188554465467,4.2086689266085434e-05,84.5075656633964,2001,4.6151663289182225e-16
cheetah-run,1,identity,D6 (g),z* + t d1,ok,0.0,10.395390772238043,10.396996865633662,0.0003090249326747959,31.19099059690099,2001,4.86090354486863e-16
cheetah-run,1,identity,D6 (g),z* + t d2,ok,0.0,10.689182936011068,10.690834420452033,0.0003090249326747959,32.0725032613561,2001,4.78833083633305e-16
cheetah-run,1,identity,D6 (g),z* + t u_min,ok,0.0,0.16282363308226389,0.16284878942005565,0.0003090249326747959,1.7688234787238417,2001,5.538627576708863e-16
cheetah-run,2,identity,D7 (4),mu + s d1,ok,5.135246473658287,24.57137428004724,24.57224962292788,7.125026565359099e-05,73.71674886878364,2001,4.259881150176891e-16
cheetah-run,2,identity,D7 (4),mu + s d2,ok,-6.640893208857781,14.368080185213612,14.368675387772235,8.285238934961646e-05,43.106026163316706,2001,4.59729993175542e-16
cheetah-run,2,identity,D7 (4),x[21300] + s d1,ok,-8.173538650117663,35.98872349018447,35.98932113800242,3.3213335868364434e-05,107.96796341400724,2001,4.366080788389532e-16
cheetah-run,2,identity,D7 (4),x[20372] + s d1,ok,34.63825720575904,30.33750665458157,30.338215628775757,4.673966693845638e-05,91.01464688632727,2001,4.714711355260005e-16
cheetah-run,2,identity,D7 (4),x[15950] + s d1,ok,-22.58531690671032,30.67349737267543,30.67419858110133,4.5721323025618845e-05,92.02259574330398,2001,4.642166065315962e-16
cheetah-run,2,identity,D7 (4),x[12800] + s d1,ok,32.035990213951514,37.580829749619916,37.581402078571124,3.045879045746481e-05,112.74420623571336,2001,4.912043241916472e-16
cheetah-run,2,identity,D7 (4),x[6756] + s d1,ok,-9.775630470869427,35.5934777726927,35.594082056944266,3.395506249800303e-05,106.78224617083279,2001,3.913645457215234e-16
cheetah-run,2,identity,D7 (4),x[1026] + s d1,ok,-3.5525011256268626,20.718704213571165,20.719742320086024,0.00010021210894436832,62.15922696025807,2001,4.1709894630656434e-16
cheetah-run,2,identity,D7 (4),x[413] + s d1,ok,30.91969776636558,35.13286214724561,35.13347435393595,3.485124677726011e-05,105.40042306180786,2001,4.916600330547587e-16
cheetah-run,2,identity,D7 (4),x[7709] + s d1,ok,31.25734182168294,37.37023238547362,37.370807939695574,3.080305459103881e-05,112.11242381908673,2001,4.31527532809991e-16
cheetah-run,2,identity,D7 (4),x[4390] + s d1,ok,23.699427085327265,25.220559937844847,25.22141274987856,6.762946218276408e-05,75.66423824963567,2001,4.78627716696906e-16
cheetah-run,2,identity,D7 (4),x[1884] + s d1,ok,-18.379370758877908,31.57010277835208,31.570784072572955,4.3161188098899706e-05,94.71235221771886,2001,4.712277287451233e-16
cheetah-run,2,identity,D6 (g),z* + t d1,ok,0.0,14.58923225188829,14.590706467503544,0.00020210660481825675,43.77211940251063,2001,6.722247045214019e-16
cheetah-run,2,identity,D6 (g),z* + t d2,ok,0.0,9.199431893259977,9.200361479266585,0.00020210660481825675,27.601084437799756,2001,4.3569847775637604e-16
cheetah-run,2,identity,D6 (g),z* + t u_min,ok,0.0,0.14890786555710145,0.14892291242844108,0.00020210660481825675,1.1999479800873836,2001,7.714319396319846e-16
cheetah-run,3,identity,D7 (4),mu + s d1,ok,6.444297564769195,25.538225712628133,25.539045347237472,6.418987531934442e-05,76.61713604171241,2001,4.3657393601347746e-16
cheetah-run,3,identity,D7 (4),mu + s d2,ok,4.0916869536138964,13.548837767632763,13.549283862554685,6.585100115580267e-05,40.64785158766405,2001,3.862320779973579e-16
cheetah-run,3,identity,D7 (4),x[21300] + s d1,ok,-20.294494255796764,40.92736730843538,40.92787875640144,2.499311318284647e-05,122.78363626920432,2001,4.444930112213943e-16
cheetah-run,3,identity,D7 (4),x[20372] + s d1,ok,6.507985074045114,54.99205081136242,54.99243145323342,1.384357130706973e-05,164.97729435970027,2001,4.60085353003946e-16
cheetah-run,3,identity,D7 (4),x[15950] + s d1,ok,11.243481417557836,29.877747948398333,29.878448540162392,4.689777684829912e-05,89.63534562048717,2001,4.3683597096665255e-16
cheetah-run,3,identity,D7 (4),x[12800] + s d1,ok,-14.678750568082185,29.178521485579285,29.179238865733343,4.9172400536226e-05,87.53771659720003,2001,4.590740832233729e-16
cheetah-run,3,identity,D7 (4),x[6756] + s d1,ok,-14.698603381304721,39.14228688676656,39.14282165895873,2.7324711344216324e-05,117.4284649768762,2001,4.533576438355644e-16
cheetah-run,3,identity,D7 (4),x[1026] + s d1,ok,-3.1333474983593153,24.046592281227923,24.047462756780007,7.240038815550639e-05,72.14238827034002,2001,4.221512660239442e-16
cheetah-run,3,identity,D7 (4),x[413] + s d1,ok,-17.877308583804954,35.3226915718715,35.323284170369455,3.355369834547424e-05,105.96985251110837,2001,4.1546067336950076e-16
cheetah-run,3,identity,D7 (4),x[7709] + s d1,ok,21.894358008908178,51.40728397091367,51.407691155752836,1.5841585873553982e-05,154.2230734672585,2001,5.101836123259643e-16
cheetah-run,3,identity,D7 (4),x[4390] + s d1,ok,-4.2665455683168965,32.3948562889793,32.39550244528912,3.989292301523963e-05,97.18650733586736,2001,4.975185273543015e-16
cheetah-run,3,identity,D7 (4),x[1884] + s d1,ok,-21.66297301623141,41.45297845475596,41.45348341779702,2.4363321310741835e-05,124.36045025339105,2001,4.856391389553184e-16
cheetah-run,3,identity,D6 (g),z* + t d1,ok,0.0,15.447317540073671,15.448672560546385,0.0001754453353595615,46.346017681639154,2001,5.88808061193125e-16
cheetah-run,3,identity,D6 (g),z* + t d2,ok,0.0,8.300654178563713,8.301382302156673,0.0001754453353595615,24.904146906470018,2001,5.510709301198099e-16
cheetah-run,3,identity,D6 (g),z* + t u_min,ok,0.0,0.15167257717909674,0.15168588171865152,0.0001754453353595615,0.4550576451559546,2001,4.77197483048958e-16
walker-run,1,identity,D7 (4),mu + s d1,ok,-3.4614050139418406,52.372341998979195,52.37533698618671,0.00011437612791446227,157.12601095856013,2001,5.755687609761999e-16
walker-run,1,identity,D7 (4),mu + s d2,ok,-0.6272342048324793,21.150878396857568,21.15208373873735,0.00011397883360223239,63.45625121621205,2001,5.401731106036223e-16
walker-run,1,identity,D7 (4),x[21300] + s d1,ok,34.059349128187876,79.889819205318,79.89178262260128,4.915373272406794e-05,239.67534786780385,2001,4.623129897735517e-16
walker-run,1,identity,D7 (4),x[20372] + s d1,ok,-14.01209573538979,88.74087521824654,88.7426428074969,3.9837489768107335e-05,266.2279284224907,2001,5.100908559037174e-16
walker-run,1,identity,D7 (4),x[15950] + s d1,ok,-7.438527339790882,137.70112844263338,137.70226756423872,1.6544908961566083e-05,413.1068026927162,2001,4.565311840368105e-16
walker-run,1,identity,D7 (4),x[12800] + s d1,ok,17.43830358556726,86.6659273714018,86.66773727924176,4.1767896419133064e-05,260.0032118377253,2001,4.710631770371472e-16
walker-run,1,identity,D7 (4),x[6756] + s d1,ok,-11.304216221846882,91.4918986747163,91.49361311623414,3.747780089599683e-05,274.48083934870243,2001,4.763014667941395e-16
walker-run,1,identity,D7 (4),x[1026] + s d1,ok,-29.332698483145148,99.2647983031237,99.26637849805142,3.1838225278118773e-05,297.79913549415426,2001,4.155153150134848e-16
walker-run,1,identity,D7 (4),x[413] + s d1,ok,-13.040426092727929,90.76418913361252,90.76591732054915,3.8081172890051766e-05,272.29775196164746,2001,5.301324130907483e-16
walker-run,1,identity,D7 (4),x[7709] + s d1,ok,-14.223856671793236,86.95437146586622,86.95617537002434,4.1491251999702125e-05,260.86852611007305,2001,5.252753480072038e-16
walker-run,1,identity,D7 (4),x[4390] + s d1,ok,-5.083462220045928,128.10100028568067,128.1022247743986,1.9117642602059336e-05,384.3066743231958,2001,4.774133908942672e-16
walker-run,1,identity,D7 (4),x[1884] + s d1,ok,-18.31422068528862,88.66189611534725,88.66366527911647,3.990849502967668e-05,265.99099583734943,2001,5.824379924605416e-16
walker-run,1,identity,D6 (g),z* + t d1,ok,0.0,13.780733096221333,13.792110883685194,0.001651941780752392,58.663514705467264,2001,9.470618794000351e-16
walker-run,1,identity,D6 (g),z* + t d2,ok,0.0,5.555755742005795,5.560342740940634,0.001651941780752392,50.72960684257758,2001,5.749863556136961e-16
walker-run,1,identity,D6 (g),z* + t u_min,ok,0.0,0.21868384566252477,0.21886439761867651,0.001651941780752392,1.087749020561824,2001,1.8077079696654065e-15
walker-run,2,identity,D7 (4),mu + s d1,ok,-0.8795120953585225,51.754930665275445,51.75814653748968,0.00012427693688216046,155.27443961246905,2001,5.281793291088727e-16
walker-run,2,identity,D7 (4),mu + s d2,ok,-0.6543595091756544,20.18176976704656,20.183024748215225,0.0001243716683882707,60.549074244645674,2001,6.068176240241377e-16
walker-run,2,identity,D7 (4),x[21300] + s d1,ok,19.888901139805444,84.59400371586352,84.59597123686399,4.6517336802192095e-05,253.78791371059197,2001,4.778341353534156e-16
walker-run,2,identity,D7 (4),x[20372] + s d1,ok,-9.842823874696187,132.9441648143288,132.9454167807533,1.8834558422277223e-05,398.8362503422599,2001,4.565218409290659e-16
walker-run,2,identity,D7 (4),x[15950] + s d1,ok,-3.877977515967828,83.33871273040432,83.3407098865233,4.7929227217188615e-05,250.02212965956988,2001,4.426747092543323e-16
walker-run,2,identity,D7 (4),x[12800] + s d1,ok,-24.321294011087016,79.8495801243702,79.85166454662672,5.2209403218590476e-05,239.55499363988017,2001,4.464631711676413e-16
walker-run,2,identity,D7 (4),x[6756] + s d1,ok,-10.912551172801276,83.3607247917768,83.36272142054348,4.790391837299787e-05,250.08816426163042,2001,4.591641646673421e-16
walker-run,2,identity,D7 (4),x[1026] + s d1,ok,11.995912468151403,78.38155751153869,78.3836809722753,5.4183396393682594e-05,235.1510429168259,2001,4.489224525491142e-16
walker-run,2,identity,D7 (4),x[413] + s d1,ok,-10.584455140681838,88.9349141947374,88.93678568316989,4.208714070534813e-05,266.81035704950966,2001,4.966486937394132e-16
walker-run,2,identity,D7 (4),x[7709] + s d1,ok,-21.233128701403412,81.4958119299851,81.4978542475585,5.012142625913891e-05,244.49356274267546,2001,4.811818449994852e-16
walker-run,2,identity,D7 (4),x[4390] + s d1,ok,-19.589825773813164,87.0612820322374,87.0631937958031,4.391813470060462e-05,261.1895813874093,2001,4.523079450369076e-16
walker-run,2,identity,D7 (4),x[1884] + s d1,ok,-15.618113463785594,80.9434829874999,80.94553924075417,5.080778084785337e-05,242.83661772226253,2001,4.4218421487913334e-16
walker-run,2,identity,D6 (g),z* + t d1,ok,0.0,14.472410491432058,14.483906595297372,0.0015893233287112012,56.83151872719026,2001,4.977970393775788e-16
walker-run,2,identity,D6 (g),z* + t d2,ok,0.0,5.645648670820468,5.650133270227405,0.0015893233287112012,46.64328790065551,2001,5.94757205636578e-16
walker-run,2,identity,D6 (g),z* + t u_min,ok,0.0,0.23409464946952502,0.2342806016580847,0.0015893233287112012,1.0484700636886415,2001,1.4849578153670236e-15
walker-run,3,identity,D7 (4),mu + s d1,ok,-5.314259244016578,55.05993017857793,55.06179479283983,6.773150015255263e-05,165.18538437851947,2001,5.674557013344472e-16
walker-run,3,identity,D7 (4),mu + s d2,ok,0.007613876675761879,21.606886751867425,21.60761171954868,6.710636769302036e-05,64.82283515864603,2001,5.908245291575295e-16
walker-run,3,identity,D7 (4),x[21300] + s d1,ok,24.977490097306802,85.90780648393742,85.90900156223775,2.782253817680707e-05,257.72700468671326,2001,5.021677640786038e-16
walker-run,3,identity,D7 (4),x[20372] + s d1,ok,-33.79619985066071,81.90421797785156,81.90547147231587,3.060902325296846e-05,245.7164144169476,2001,5.397220962757727e-16
walker-run,3,identity,D7 (4),x[15950] + s d1,ok,-10.19684849292453,134.50092848345102,134.5016918014392,1.135040720918255e-05,403.5050754043176,2001,4.43880453115385e-16
walker-run,3,identity,D7 (4),x[12800] + s d1,ok,25.477832335326074,85.29832948261081,85.29953309991186,2.8221556044067405e-05,255.89859929973557,2001,4.966091098404585e-16
walker-run,3,identity,D7 (4),x[6756] + s d1,ok,-39.50915716406552,79.51526822574769,79.5165593794873,3.247588170564343e-05,238.5496781384619,2001,5.092842742572584e-16
walker-run,3,identity,D7 (4),x[1026] + s d1,ok,16.705840155102457,82.11197435983273,82.11322468280463,3.0454327788474705e-05,246.33967404841388,2001,5.564739371185256e-16
walker-run,3,identity,D7 (4),x[413] + s d1,ok,-7.8042096236295695,94.67857477739177,94.67965914818816,2.2906491963912615e-05,284.03897744456447,2001,4.664180953646395e-16
walker-run,3,identity,D7 (4),x[7709] + s d1,ok,-13.59789474491857,87.99356938040455,87.99473613144708,2.651918284487812e-05,263.98420839434124,2001,4.868091081286164e-16
walker-run,3,identity,D7 (4),x[4390] + s d1,ok,-15.967009417090575,148.3644565958133,148.36514858790085,9.328294892087189e-06,445.0954457637025,2001,5.374489645481449e-16
walker-run,3,identity,D7 (4),x[1884] + s d1,ok,-5.344764790536826,85.14282307514003,85.1440288907186,2.8324738916670183e-05,255.4320866721558,2001,4.569905313463207e-16
walker-run,3,identity,D6 (g),z* + t d1,ok,0.0,15.632971983330606,15.639537958984796,0.0008401927084419992,56.219700731097795,2001,5.513589819704065e-16
walker-run,3,identity,D6 (g),z* + t d2,ok,0.0,6.106390976720781,6.108955710702961,0.0008401927084419992,51.33117858353677,2001,6.236704396337344e-16
walker-run,3,identity,D6 (g),z* + t u_min,ok,0.0,0.23858561836917433,0.23868582627355248,0.0008401927084419992,1.164163982948001,2001,9.260242848423696e-16
humanoid-run,1,identity,D7 (4),mu + s d1,ok,6.798372069199621,77.4324198730321,77.43252159190088,2.627295795654992e-06,232.29756477570265,2001,6.065654654929382e-16
humanoid-run,1,identity,D7 (4),mu + s d2,ok,6.815195294536854,74.40747508796413,74.40757289916456,2.629070925995675e-06,223.2227186974937,2001,5.908932882988268e-16
humanoid-run,1,identity,D7 (4),x[21300] + s d1,ok,-9.510240690722389,125.24180713004078,125.24187001911538,1.0042827045463043e-06,375.72561005734616,2001,5.513278667058034e-16
humanoid-run,1,identity,D7 (4),x[20372] + s d1,ok,-65.40275805275009,111.02896114655978,111.0290320860762,1.2778564864472243e-06,333.0870962582286,2001,5.811504862166077e-16
humanoid-run,1,identity,D7 (4),x[15950] + s d1,ok,-64.4118877355401,112.09953619708946,112.09960645911843,1.2535654184859073e-06,336.2988193773553,2001,5.581129199561811e-16
humanoid-run,1,identity,D7 (4),x[12800] + s d1,ok,-60.451035388676125,108.37689865761705,108.3769713330745,1.3411618663081727e-06,325.1309139992235,2001,5.811342525682274e-16
humanoid-run,1,identity,D7 (4),x[6756] + s d1,ok,-20.691891460132425,116.11125038236774,116.11131821680242,1.168438962888672e-06,348.33395465040724,2001,5.72044795061529e-16
humanoid-run,1,identity,D7 (4),x[1026] + s d1,ok,-4.272128285413916,124.02954762363882,124.02961112738824,1.0240102765233834e-06,372.0888333821647,2001,5.121688664160763e-16
humanoid-run,1,identity,D7 (4),x[413] + s d1,ok,31.648221028969104,113.06906341129641,113.06913307085374,1.2321598264400137e-06,339.2073992125612,2001,5.083363991104739e-16
humanoid-run,1,identity,D7 (4),x[7709] + s d1,ok,27.734274329115674,116.34254587711288,116.34261357668898,1.1637977368391617e-06,349.02784073006694,2001,5.6074369234824115e-16
humanoid-run,1,identity,D7 (4),x[4390] + s d1,ok,58.861017474926314,108.75790950367147,108.75798192452567,1.3317813599493329e-06,326.273945773577,2001,5.786143203516092e-16
humanoid-run,1,identity,D7 (4),x[1884] + s d1,ok,58.25728332296295,107.68055418647276,107.68062733190476,1.3585639004330995e-06,323.0418819957143,2001,5.715811615166608e-16
humanoid-run,1,identity,D6 (g),z* + t d1,ok,0.0,17.482780521885903,17.48323103614124,5.153871941972511e-05,86.24381951700136,2001,1.1053976409047982e-15
humanoid-run,1,identity,D6 (g),z* + t d2,ok,0.0,16.80547944994851,16.805912510813773,5.153871941972511e-05,67.35568143537763,2001,8.761438554831715e-16
humanoid-run,1,identity,D6 (g),z* + t u_min,ok,0.0,0.36591456431026287,0.3659239935728022,5.153871941972511e-05,1.4048164229924012,2001,9.942617535586225e-16
humanoid-run,2,identity,D7 (4),mu + s d1,ok,7.143188289302738,112.00779980468975,112.0079370140938,2.449998809261906e-06,336.0238110422814,2001,6.338207926883012e-16
humanoid-run,2,identity,D7 (4),mu + s d2,ok,-3.646829572730407,75.52153886462283,75.5216312185141,2.4457644568256396e-06,226.5648936555423,2001,6.1594157126488e-16
humanoid-run,2,identity,D7 (4),x[21300] + s d1,ok,100.32720101789295,146.44153469954063,146.44163964604635,1.4332893134308846e-06,439.32491893813904,2001,6.09189719256093e-16
humanoid-run,2,identity,D7 (4),x[20372] + s d1,ok,-55.66782714571695,149.84015861486932,149.84026118101548,1.3690079112110858e-06,449.52078354304643,2001,5.225290232295957e-16
humanoid-run,2,identity,D7 (4),x[15950] + s d1,ok,-87.5223094072227,146.95732402651453,146.95742860468036,1.4232458809624484e-06,440.8722858140411,2001,6.006100715756187e-16
humanoid-run,2,identity,D7 (4),x[12800] + s d1,ok,-50.43833961617093,157.4042108788138,157.40430851615156,1.240594104994937e-06,472.2129255484547,2001,5.687337721031129e-16
humanoid-run,2,identity,D7 (4),x[6756] + s d1,ok,-47.8919011407882,156.78457633507935,156.7846743582933,1.2504194846931346e-06,470.35402307487993,2001,5.878813483909191e-16
humanoid-run,2,identity,D7 (4),x[1026] + s d1,ok,71.53136612552889,163.8294769549032,163.82957076298192,1.1451920292407018e-06,491.48871228894575,2001,5.975652422277299e-16
humanoid-run,2,identity,D7 (4),x[413] + s d1,ok,-48.3579785127545,155.83670867437286,155.83680729380686,1.2656769520086785e-06,467.5104218814206,2001,5.748700324313833e-16
humanoid-run,2,identity,D7 (4),x[7709] + s d1,ok,67.98725794998143,152.76413759570517,152.76423819868734,1.3171025200249012e-06,458.292714596062,2001,4.984681573069406e-16
humanoid-run,2,identity,D7 (4),x[4390] + s d1,ok,32.105749135434394,165.2949491461642,165.29504212255964,1.1249759539339169e-06,495.88512636767894,2001,5.30836176100312e-16
humanoid-run,2,identity,D7 (4),x[1884] + s d1,ok,-9.352405406033217,176.69091502613958,176.69100200587528,9.84541362433289e-07,530.0730060176259,2001,5.401747661831053e-16
humanoid-run,2,identity,D6 (g),z* + t d1,ok,0.0,24.250783050036567,24.251416775225405,5.226499019262001e-05,91.49606744935733,2001,8.554518983625511e-16
humanoid-run,2,identity,D6 (g),z* + t d2,ok,0.0,16.337015038215274,16.33744195960246,5.226499019262001e-05,98.06571372228748,2001,1.0211616800299433e-15
humanoid-run,2,identity,D6 (g),z* + t u_min,ok,0.0,0.36256887138305355,0.36257834608850986,5.226499019262001e-05,1.3017534276247171,2001,9.031025921006553e-16
humanoid-run,3,symlog,D7 (4),mu + s d1,ok,0.06665026233588776,12.55152388862642,12.551571770973958,7.629741104663253e-06,37.65471531292187,2001,5.156056237151142e-16
humanoid-run,3,symlog,D7 (4),mu + s d2,ok,-0.7280679194596444,17.447223606788828,17.447290279584678,7.642811801035873e-06,52.34187083875403,2001,6.082753300997772e-16
humanoid-run,3,symlog,D7 (4),x[21300] + s d1,ok,5.736201753913937,15.031372817081674,15.031412799908482,5.3199239309749e-06,45.09423839972545,2001,5.846128873586522e-16
humanoid-run,3,symlog,D7 (4),x[20372] + s d1,ok,-7.3142209279650885,15.429850074756269,15.429889025025641,5.048696953450785e-06,46.28966707507692,2001,5.3151739337361995e-16
humanoid-run,3,symlog,D7 (4),x[15950] + s d1,ok,1.1666618938221058,17.087771382798596,17.08780655397121,4.116535505673652e-06,51.26341966191363,2001,5.102959601517188e-16
humanoid-run,3,symlog,D7 (4),x[12800] + s d1,ok,-4.667381496683041,16.060612657189246,16.060650077734028,4.659920412146357e-06,48.18195023320209,2001,6.224186290033982e-16
humanoid-run,3,symlog,D7 (4),x[6756] + s d1,ok,4.815276757037949,16.241444112796028,16.241481116703223,4.5567314202867e-06,48.72444335010967,2001,5.263485364291156e-16
humanoid-run,3,symlog,D7 (4),x[1026] + s d1,ok,-5.905885294572237,15.457160304808964,15.457199186259864,5.030872299233474e-06,46.37159755877959,2001,5.915456305524455e-16
humanoid-run,3,symlog,D7 (4),x[413] + s d1,ok,4.943286458565232,16.672804713878723,16.672840760418943,4.323997048050044e-06,50.01852228125683,2001,5.69848301827842e-16
humanoid-run,3,symlog,D7 (4),x[7709] + s d1,ok,3.4847823553238895,16.497310775562397,16.497347205555133,4.416481383707746e-06,49.492041616665404,2001,5.35852925344358e-16
humanoid-run,3,symlog,D7 (4),x[4390] + s d1,ok,3.0480932032042984,16.32211476625141,16.32215158727038,4.511800220575599e-06,48.966454761811136,2001,4.860838311750543e-16
humanoid-run,3,symlog,D7 (4),x[1884] + s d1,ok,3.4629121394778672,16.407661879925485,16.407698508965556,4.464875157133743e-06,49.22309552689667,2001,5.412492636396814e-16
humanoid-run,3,symlog,D6 (g),z* + t d1,ok,0.0,5.872685415925489,5.872787752811656,3.485212320250587e-05,17.618363258434968,2001,5.862011315297766e-16
humanoid-run,3,symlog,D6 (g),z* + t d2,ok,0.0,8.170305383359825,8.17044775836423,3.485212320250587e-05,24.51134327509269,2001,5.246082193632969e-16
humanoid-run,3,symlog,D6 (g),z* + t u_min,ok,0.0,0.7790245886787771,0.7790381638909682,3.485212320250587e-05,2.3371144916729047,2001,6.653362883442058e-16
dog-run,1,identity,D7 (4),mu + s d1,ok,88.10872372066623,823.7500110677108,823.7501216448442,2.684725687689019e-07,2471.2503649345326,2001,3.5029785591371765e-15
dog-run,1,identity,D7 (4),mu + s d2,ok,-1.6818093551957212,777.1640691933379,777.1641723374115,2.654370795046514e-07,2331.4925170122347,2001,3.375879880213545e-15
dog-run,1,identity,D7 (4),x[21300] + s d1,ok,415.5195551408813,934.419249458986,934.4193469397649,2.0864463984755052e-07,2803.2580408192944,2001,4.066332752559791e-15
dog-run,1,identity,D7 (4),x[20372] + s d1,ok,487.5927648719136,915.7208350189964,915.7209344902682,2.1725240549956627e-07,2747.1628034708046,2001,4.706121783385969e-15
dog-run,1,identity,D7 (4),x[15950] + s d1,ok,268.99437210602525,977.0981891329506,977.0982823558401,1.9081581572495218e-07,2931.29484706752,2001,3.754504501337207e-15
dog-run,1,identity,D7 (4),x[12800] + s d1,ok,229.9303315802312,1005.2192540607098,1005.219344675684,1.8028898263712468e-07,3015.658034027052,2001,3.720845256084046e-15
dog-run,1,identity,D7 (4),x[6756] + s d1,ok,-275.35663638633145,948.2155407355234,948.2156367979821,2.0261735760144937e-07,2844.646910393946,2001,3.676824171113698e-15
dog-run,1,identity,D7 (4),x[1026] + s d1,ok,-157.04021244679527,911.5842423503917,911.5843422730447,2.1922857773800687e-07,2734.753026819134,2001,3.717832422972086e-15
dog-run,1,identity,D7 (4),x[413] + s d1,ok,10.396545138651456,978.1871024754503,978.1871955945646,1.9039122162376068e-07,2934.561586783694,2001,3.554861982632559e-15
dog-run,1,identity,D7 (4),x[7709] + s d1,ok,-281.527467194083,1029.3931375320606,1029.3932260190668,1.7192073044162275e-07,3088.1796780572004,2001,6.219222833937285e-15
dog-run,1,identity,D7 (4),x[4390] + s d1,ok,-348.4624421510714,949.5092018197572,949.5092977513355,2.0206562070782203e-07,2848.5278932540064,2001,3.768745784807473e-15
dog-run,1,identity,D7 (4),x[1884] + s d1,ok,233.62094231125045,1013.9558681490062,1013.9559579832088,1.771954961635368e-07,3041.8678739496263,2001,3.758259130810756e-15
dog-run,1,identity,D6 (g),z* + t d1,ok,0.0,91.9656913999841,91.96668185010775,2.1539672937540864e-05,969.5727104872374,2001,1.2049248170565231e-14
dog-run,1,identity,D6 (g),z* + t d2,ok,0.0,86.27281252457972,86.273741663659,2.1539672937540864e-05,1479.3779390442337,2001,1.1790928247187616e-14
dog-run,1,identity,D6 (g),z* + t u_min,ok,0.0,0.16076085099649015,0.1607625823552428,2.1539672937540864e-05,0.8568309816965293,2001,1.1842051935872435e-14
dog-run,2,identity,D7 (4),mu + s d1,ok,343.7264410851306,2484.4836451359306,2484.4838694329583,1.8055827240366213e-07,7453.451608298875,2001,9.315573941970472e-15
dog-run,2,identity,D7 (4),mu + s d2,ok,22.97472810747317,903.3414541761786,903.3415342491746,1.7728179992843305e-07,2710.024602747524,2001,2.508240295664134e-15
dog-run,2,identity,D7 (4),x[21300] + s d1,ok,668.9941476692849,3216.8354702751126,3216.835643508189,1.0770403587972886e-07,9650.506930524567,2001,9.769205110513697e-15
dog-run,2,identity,D7 (4),x[20372] + s d1,ok,237.91658555848565,3147.090916916857,3147.0910939890555,1.1253071961880084e-07,9441.273281967166,2001,1.000131978822797e-14
dog-run,2,identity,D7 (4),x[15950] + s d1,ok,449.0187108017942,3078.5818434866583,3078.5820244993233,1.175948405920096e-07,9235.74607349797,2001,9.169595202855849e-15
dog-run,2,identity,D7 (4),x[12800] + s d1,ok,515.1881971426965,3139.0347124301156,3139.0348899567625,1.1310907182546837e-07,9417.104669870288,2001,9.390259650229021e-15
dog-run,2,identity,D7 (4),x[6756] + s d1,ok,1149.874887800899,3112.012281364606,3112.0124604327634,1.1508191251026445e-07,9336.03738129829,2001,1.017115790403897e-14
dog-run,2,identity,D7 (4),x[1026] + s d1,ok,1321.3861095758382,2514.583681042308,2514.583902654458,1.7626151133307913e-07,7543.751707963374,2001,1.180660041140886e-14
dog-run,2,identity,D7 (4),x[413] + s d1,ok,-378.80945272372924,2805.9945716760494,2805.99477027312,1.4155200396605588e-07,8417.98431081936,2001,9.38722377043976e-15
dog-run,2,identity,D7 (4),x[7709] + s d1,ok,733.4385281313058,3165.1120923812673,3165.1122684452703,1.1125293699205044e-07,9495.33680533581,2001,1.1187246603388201e-14
dog-run,2,identity,D7 (4),x[4390] + s d1,ok,1236.038891926385,2984.0408727813924,2984.0410595289363,1.2516420358309898e-07,8952.12317858681,2001,1.0404475023070471e-14
dog-run,2,identity,D7 (4),x[1884] + s d1,ok,493.2482939921663,3177.2672724795484,3177.2674478699887,1.104033309355178e-07,9531.802343609967,2001,9.924588767894282e-15
dog-run,2,identity,D6 (g),z* + t d1,ok,0.0,347.4150262715451,347.4166302926509,9.23405545176296e-06,2211.4655960097666,2001,1.7327616852616164e-14
dog-run,2,identity,D6 (g),z* + t d2,ok,0.0,125.16640464905055,125.16698254447708,9.23405545176296e-06,1804.7069049464492,2001,1.5145022543976756e-14
dog-run,2,identity,D6 (g),z* + t u_min,ok,0.0,0.2133182795615729,0.21331926445571042,9.23405545176296e-06,0.8120222158122876,2001,3.582156804570965e-14
dog-run,3,identity,D7 (4),mu + s d1,ok,19.290104730261834,468.54903764824695,468.5490786203078,1.7488911222840064e-07,1405.6472358609235,2001,1.957637954963426e-15
dog-run,3,identity,D7 (4),mu + s d2,ok,37.34558760818311,387.97806755796034,387.9781017409333,1.7621085997429979e-07,1163.9343052228,2001,1.9720937755924765e-15
dog-run,3,identity,D7 (4),x[21300] + s d1,ok,-125.20559336726451,533.8572197109062,533.8572556707456,1.3471707132039502e-07,1601.571767012237,2001,1.6984989702563765e-15
dog-run,3,identity,D7 (4),x[20372] + s d1,ok,-37.01662578020585,537.9030599295482,537.9030956189156,1.3269814259037646e-07,1613.7092868567468,2001,1.6669301353398579e-15
dog-run,3,identity,D7 (4),x[15950] + s d1,ok,-229.97346650874263,484.39186962909423,484.3919092610966,1.636361238593038e-07,1453.1757277832899,2001,1.809730916305581e-15
dog-run,3,identity,D7 (4),x[12800] + s d1,ok,-255.5228507455761,484.53099534451275,484.5310349651354,1.6354216609575746e-07,1453.5931048954062,2001,1.8439142166600797e-15
dog-run,3,identity,D7 (4),x[6756] + s d1,ok,-37.91711272733157,544.5789231739443,544.5789584258042,1.294646542854795e-07,1633.7368752774128,2001,1.5943147968027998e-15
dog-run,3,identity,D7 (4),x[1026] + s d1,ok,-245.92825508808036,437.23591753581195,437.2359614421307,2.0083583781206502e-07,1311.707884326392,2001,2.054855584085877e-15
dog-run,3,identity,D7 (4),x[413] + s d1,ok,-50.32915433484614,539.6875640514738,539.6875996228325,1.3182204722715561e-07,1619.0627988684976,2001,1.6524661161602609e-15
dog-run,3,identity,D7 (4),x[7709] + s d1,ok,-58.36190314454491,546.701798241843,546.7018333568178,1.2846116871800244e-07,1640.1055000704534,2001,1.7907883287757304e-15
dog-run,3,identity,D7 (4),x[4390] + s d1,ok,-127.83852201033943,530.5751937148885,530.5752298971679,1.363888887855676e-07,1591.7256896915037,2001,1.781764220326418e-15
dog-run,3,identity,D7 (4),x[1884] + s d1,ok,-145.07133666730752,527.9814250660683,527.9814614260971,1.3773223214204134e-07,1583.9443842782912,2001,1.6887955047778027e-15
dog-run,3,identity,D6 (g),z* + t d1,ok,0.0,53.304529994951515,53.30489013987087,1.3512777845646982e-05,1104.943098930809,2001,3.943495905215508e-14
dog-run,3,identity,D6 (g),z* + t d2,ok,0.0,44.30484203821852,44.30514137795127,1.3512777845646982e-05,901.1081275494661,2001,3.8773482806716285e-14
dog-run,3,identity,D6 (g),z* + t u_min,ok,0.0,0.18774808200356954,0.18774935049834587,1.3512777845646982e-05,0.5632480514950376,2001,3.8251072674087895e-14
