task,seed,layout,reading,primary,n,k,m,E_shape,eps,norm_z_star,kappa,degenerate,lambda1,sharp_min,fraction,flag_below_half,inside_w2,inside_chi2_q,inside,inside_m,inside_norm_outside_kept,populated_dist,populated_threshold,populated,populated_nearest_index,populated_nn_median,populated_n,D,r_star_d1,r_eff_d1,sharp_ratio,sharp,criterion
cartpole-swingup,1,prerelease,symlog,True,25050,5,5,256x5,1e-05,1.6074413719781793,0.0008289150275880873,False,0.5274529563741919,5.0,1.0019918826887058,False,33.29930076519405,11.070497693516351,False,5,8.331297329690976e-16,1.4522251988065757,0.057945047876806446,False,24081,0.00903224808462959,5000,2.0054900747542086,0.9945288942962536,0.9949409988869479,2.0156874397554967,False,False
cartpole-swingup,1,prerelease,identity,False,25050,5,5,256x5,1e-05,1.6074413719781793,0.0008289150275880873,False,2.9473082280317913,5.0,1.0019918826887058,False,4.481160055072072,11.070497693516351,True,5,6.813754445857189e-16,2.397772237883073,0.06169356577073329,False,2399,0.00491356307347853,5000,4.725349048696607,1.0053863943303394,1.0058029979613665,4.698086064840016,False,False
cartpole-swingup,1,prerelease,layernorm,False,25050,5,4,256x5,1e-05,1.6074413719781793,0.0008289150275880873,False,1.012179864353866,5.0,1.0019918826887058,False,12.370866705413311,9.487729036781154,False,4,0.6855593684159325,1.5336194173609452,0.054667716347326104,False,14056,0.008537832069451341,5000,1.790685363812117,0.45416876261553696,0.4543569572804655,3.9411421683299164,False,False
cartpole-swingup,2,public,identity,True,25050,5,5,256x5,1e-05,0.4867581855934791,0.0006470701524885119,False,2.0077916083236507,5.0,1.000952478222627,False,32.48324917396894,11.070497693516351,False,5,6.985315944698984e-16,4.138609923955589,0.10711106538086239,False,3094,0.006767813321216865,5000,3.817822915719188,3.9648004299348827,3.9660829745037494,0.9626180138596035,False,False
cartpole-swingup,3,public,identity,True,25050,5,5,256x5,1e-05,1.182127426204407,0.00033288296933006045,False,2.033037244377772,5.0,0.9995948647645582,False,50.38979050572344,11.070497693516351,False,5,4.552252871008668e-16,4.749461597229225,0.11071077951755671,False,9598,0.011706247590703971,5000,3.80645817191528,4.470453602869589,4.4711976098927115,0.8513285486405996,False,False
cheetah-run,1,public,identity,True,25050,17,17,256x17,1e-05,3.7464902644420035,0.0003090249326747959,False,230.74123768138534,5.0,1.0040671275365205,False,23.35882989497708,27.58711163827534,True,17,9.264050188034199e-15,2.8113657442607813,2.747915179753262,False,20059,0.8929403477306621,5000,23.590129849428155,10.395390772238043,10.396996865633662,2.2689369011356737,False,False
cheetah-run,2,public,identity,True,25050,17,17,256x17,1e-05,3.6959180998797057,0.00020210660481825675,False,298.08583251060963,5.0,0.9868517461528414,False,12.6018756689672,27.58711163827534,True,17,4.9524322745584086e-15,2.797202351609413,2.4498009103864673,False,502,1.2483001300709995,5000,27.204612455490263,14.58923225188829,14.590706467503544,1.8645164657434814,False,False
cheetah-run,3,public,identity,True,25050,17,17,256x17,1e-05,3.488442258297356,0.0001754453353595615,False,328.452020375062,5.0,1.0099454690256775,False,36.03967752896131,27.58711163827534,False,17,8.677835429424445e-15,4.152134580927739,2.232221046587923,False,24051,1.3829027833971679,5000,26.30837733448309,15.447317540073671,15.448672560546385,1.7029539095592445,False,False
walker-run,1,public,identity,True,25050,24,24,256x24,1e-05,2.6936606457733667,0.001651941780752392,False,412.95254521951165,5.0,1.02474790712051,False,288.6955140694961,36.41502850180731,False,24,4.13879283262269e-15,13.526414498128037,2.8171314077344682,False,21056,0.5857195410337184,5000,34.90675008516669,13.780733096221333,13.792110883685194,2.5309215086472503,False,False
walker-run,2,public,identity,True,25050,24,24,256x24,1e-05,3.002857694179346,0.0015893233287112012,False,409.88857713170677,5.0,1.0092062203671979,False,258.8469301654085,36.41502850180731,False,24,7.901423025076695e-15,13.678242634525787,2.3981304578281706,False,13538,0.5936839612513636,5000,36.18393491686362,14.472410491432058,14.483906595297372,2.4982165328663335,False,False
walker-run,3,public,identity,True,25050,24,24,256x24,1e-05,3.2284547389505267,0.0008401927084419992,False,426.74981575461084,5.0,1.0077158337293812,False,273.80613029226987,36.41502850180731,False,24,1.082093199038558e-14,14.386080208342392,2.1819444750750074,False,6528,0.6080743767851371,5000,36.694991995909916,15.632971983330606,15.639537958984796,2.3462964246222455,False,False
humanoid-run,1,public,identity,True,25050,67,67,256x67,1e-05,6.853685043079786,5.153871941972511e-05,False,1215.546080354751,5.0,1.232848638133799,False,2743.8290218068914,87.10807219532191,False,67,1.4313559128759717e-14,46.08376295117442,10.374997867544415,False,21043,4.144738095534937,5000,71.24729902595422,17.482780521885903,17.48323103614124,4.075179174757354,False,False
humanoid-run,2,public,identity,True,25050,67,67,256x67,1e-05,5.852949253756044,5.226499019262001e-05,False,1800.6092258421945,5.0,1.1466640418334169,False,2161.4297790183246,87.10807219532191,False,67,1.31597582965105e-14,41.21190579790167,8.566691360517256,False,10044,4.561807156717618,5000,73.75745132148346,24.250783050036567,24.251416775225405,3.0413666964328487,False,False
humanoid-run,3,prerelease,symlog,True,25050,67,67,256x67,1e-05,1.6864929502133479,3.485212320250587e-05,False,25.20308456307738,5.0,1.0580472238412,False,2731.593359827503,87.10807219532191,False,67,4.4949842770174695e-15,45.84421164913602,12.630473276322574,False,19038,3.813069208551066,5000,8.02243274879216,5.872685415925489,5.872787752811656,1.3660348520089693,False,False
humanoid-run,3,prerelease,identity,False,25050,67,67,256x67,1e-05,1.6864929502133479,3.485212320250587e-05,False,1906.2594307670463,5.0,1.0580472238412,False,1799.6844087176964,87.10807219532191,False,67,1.9829859502013942e-14,37.595181071965925,12.139197158923483,False,12,3.7255886179787243,5000,67.88746469163738,9.580981822981656,9.581148780306414,7.0855245282462125,True,False
humanoid-run,3,prerelease,layernorm,False,25050,67,66,256x67,1e-05,1.6864929502133479,3.485212320250587e-05,False,20.114112075575097,5.0,1.0580472238412,False,4322.46896591701,85.96490744123098,False,66,0.143196721831797,63.24698247427575,10.754178126241658,False,21863,2.568553046827998,5000,6.291309164353032,9.61388228402083,9.614049814666052,0.6543869946207017,False,False
dog-run,1,public,identity,True,25050,223,222,256x223,1e-05,562.523475335692,2.1539672937540864e-05,False,18780.343054164616,5.0,0.9158823489525012,False,13135087.882031335,257.7584654845151,False,222,4.192502837735351,3615.5252802644304,20.707991085632667,False,18071,13.639532777928727,5000,316.4647500038334,91.9656913999841,91.96668185010775,3.4410804395403183,False,False
dog-run,2,public,identity,True,25050,223,216,256x223,1e-05,632.7990352586031,9.23405545176296e-06,False,251603.51952226862,5.0,0.8828149942307227,False,767445.5140357161,251.28636125534243,False,216,16.47713433296404,863.4673430681983,19.839928681722263,False,23558,13.6138132052832,5000,1128.344989384979,347.4150262715451,347.4166302926509,3.2478151331860627,False,False
dog-run,3,public,identity,True,25050,223,223,256x223,1e-05,769.1837363083241,1.3512777845646982e-05,False,8364.974937492414,5.0,1.0082656850246108,False,100119034.29444765,258.83652502482875,False,223,1.0724514957115928e-12,9992.671264034163,24.250365414225932,False,19047,11.572516709758697,5000,179.39833426624176,53.304529994951515,53.30489013987087,3.365513629153056,False,False
