task,seed,reading,frac_rho_eff_le_1,frac_rho_eff_le_10,frac_rho_eff_le_100,frac_rho_eff_le_1000,frac_rho_le_1,frac_rho_le_10,frac_rho_le_100,frac_rho_le_1000,rho_eff_median
cartpole-swingup,1,symlog,0.013293413173652695,0.9852295409181637,1.0,1.0,0.013293413173652695,0.9850698602794411,1.0,1.0,5.335358507363409
cartpole-swingup,2,identity,0.8962075848303394,1.0,1.0,1.0,0.8962075848303394,1.0,1.0,1.0,0.5330782681264844
cartpole-swingup,3,identity,0.9040718562874251,1.0,1.0,1.0,0.9040718562874251,1.0,1.0,1.0,0.5287925538215865
cheetah-run,1,identity,0.003872255489021956,0.48810379241516966,0.9972854291417166,1.0,0.003872255489021956,0.4880239520958084,0.9972854291417166,1.0,10.221656989084533
cheetah-run,2,identity,0.00530938123752495,0.8369261477045908,0.9992814371257485,1.0,0.00530938123752495,0.8368063872255489,0.9992814371257485,1.0,5.675142065925815
cheetah-run,3,identity,0.007584830339321357,0.8455888223552894,1.0,1.0,0.007544910179640718,0.8454690618762475,1.0,1.0,5.529154627464877
walker-run,1,identity,0.0,0.0,0.9770858283433134,1.0,0.0,0.0,0.9764471057884232,1.0,41.16021706853683
walker-run,2,identity,0.0,0.0,0.9931337325349301,1.0,0.0,0.0,0.9929341317365269,1.0,35.847416373870566
walker-run,3,identity,0.0,0.0,0.9979640718562874,1.0,0.0,0.0,0.9979640718562874,1.0,33.272895870029416
humanoid-run,1,identity,0.0,0.0,1.0,1.0,0.0,0.0,1.0,1.0,46.97236081320769
humanoid-run,2,identity,0.0,0.0,1.0,1.0,0.0,0.0,1.0,1.0,49.69294016067555
humanoid-run,3,symlog,0.0,0.9998802395209581,1.0,1.0,0.0,0.9998802395209581,1.0,1.0,7.353533600226511
dog-run,1,identity,0.0,0.0,0.07968063872255489,1.0,0.0,0.0,0.07968063872255489,1.0,118.78266725661271
dog-run,2,identity,0.0,0.0,0.997684630738523,1.0,0.0,0.0,0.997684630738523,1.0,81.70559543730195
dog-run,3,identity,0.0,0.0,0.2870259481037924,1.0,0.0,0.0,0.2870259481037924,1.0,104.33162118933757
