task,seed,reading,direction,output,status,r_star,r_eff,T,fraction,flag_below_half,g_prime_0,S,S_eff,peak_J,t_peak,t_peak_over_r_eff,median_J_a0,n_a0,peak_over_median_a0,median_J_recorded,n_recorded
cartpole-swingup,1,symlog,d1,encoder,ok,0.9945288942962536,0.9949409988869479,3.141731326350411,1.0019918826887058,False,14.193151868184772,14.27123128305699,14.265320138644219,19.733204889593157,0.43029631210740565,0.43248425041161553,7.174113174816372,25050,2.750612432330111,,
cartpole-swingup,1,symlog,d1,dynamics,ok,0.9945288942962536,0.9949409988869479,3.141731326350411,1.0019918826887058,False,16.002098846952794,16.090129647038726,16.08346511487066,25.92984971192219,0.45135716995470476,0.4536521969238812,6.840626514159127,25050,3.7905665012190153,6.839031824927033,25000
cartpole-swingup,1,symlog,d2,encoder,ok,0.561417788166164,0.5616504237880424,1.7067169831910205,1.0019918826887058,False,9.963924704695126,17.747789462178712,17.740438327266972,52.84801174066826,-0.09515902994891623,-0.16942750493646502,7.4608688604391435,25050,7.0833588861066845,,
cartpole-swingup,1,symlog,d2,dynamics,ok,0.561417788166164,0.5616504237880424,1.7067169831910205,1.0019918826887058,False,7.205994312480826,12.835350899761753,12.83003449704553,65.63371389632802,-0.08865818492381625,-0.15785296541906355,4.6848725621195335,25050,14.009711689283169,4.684940202377861,25000
cartpole-swingup,1,symlog,u_min,encoder,ok,0.2812498228685876,0.2813663648250866,0.8440990944752598,1.0019918826887058,False,12.084625055130596,42.96758281258392,42.94978563853249,90.19716858673182,0.07665046250906091,0.27242226538595404,22.25859938610509,25050,4.052239182804886,,
cartpole-swingup,1,symlog,u_min,dynamics,ok,0.2812498228685876,0.2813663648250866,0.8440990944752598,1.0019918826887058,False,13.729681683756876,48.816676731462316,48.79645686253946,110.56904140566732,0.07891968391335738,0.28048727132832085,21.453133447076993,25050,5.153980964059702,21.43797376342991,25000
cartpole-swingup,2,identity,d1,encoder,ok,3.9648004299348827,3.9660829745037494,11.898248923511249,1.000952478222627,False,4.27060713981348,1.0771304168476443,1.0767820964078125,2.9223685305873452,1.6750089010318747,0.4223332975633113,3.174141713664855,25050,0.9206799173478575,,
cartpole-swingup,2,identity,d1,dynamics,ok,3.9648004299348827,3.9660829745037494,11.898248923511249,1.000952478222627,False,6.896812525683346,1.7395106380667484,1.7389481183374134,2.429361695982142,-0.726084796260337,-0.1830735264309964,3.091376173192443,25050,0.7858512066725793,3.091350607386204,25000
cartpole-swingup,2,identity,d2,encoder,ok,1.3905367256372692,1.3909865402891772,4.172959620867532,1.000952478222627,False,4.712495946574533,3.3889762562113153,3.3878803353444638,5.503976471183011,-0.4759418316559992,-0.3421613494240238,5.0887671969826584,25050,1.0815932932531374,,
cartpole-swingup,2,identity,d2,dynamics,ok,1.3905367256372692,1.3909865402891772,4.172959620867532,1.000952478222627,False,9.004836046133558,6.475798790576158,6.473704658753571,8.190643381437475,-0.17637164725276375,-0.126796084752982,3.66253500963008,25050,2.2363317647207253,3.663484595193645,25000
cartpole-swingup,2,identity,u_min,encoder,ok,0.9824289474712833,0.9827467462944884,2.948240238883465,1.000952478222627,False,11.94785214067321,12.161543256055623,12.15761047871527,12.169654451910745,-0.00736330208565067,-0.007492573354645525,13.610605775694825,25050,0.8941302578642559,,
cartpole-swingup,2,identity,u_min,dynamics,ok,0.9824289474712833,0.9827467462944884,2.948240238883465,1.000952478222627,False,18.02827400581987,18.350715389874892,18.34478116950951,19.142243118071697,-0.04543853812257144,-0.04623626411779072,14.479712208289067,25050,1.322004390882404,14.48049413324428,25000
cartpole-swingup,3,identity,d1,encoder,ok,4.470453602869589,4.4711976098927115,13.413592829678134,0.9995948647645582,False,6.6468617972822575,1.4868428100932822,1.4865953995358645,2.017647644238225,1.6559143238265022,0.3703514065588876,2.9072654890376732,25050,0.6940018556427338,,
cartpole-swingup,3,identity,d1,dynamics,ok,4.470453602869589,4.4711976098927115,13.413592829678134,0.9995948647645582,False,9.668497561909156,2.162755375808606,2.162395493439431,2.7414180986812986,-0.6637282990406906,-0.1484453063698558,2.9128611872620764,25050,0.9411427192855955,2.912871961525252,25000
cartpole-swingup,3,identity,d2,encoder,ok,1.4761462673812646,1.476391938914324,4.429175816742973,0.9995948647645582,False,7.3111530127501645,4.952864884941522,4.95204072851175,5.9008813002671605,0.30092729854680733,0.203826159311122,4.234963869273591,25050,1.393372288977596,,
cartpole-swingup,3,identity,d2,dynamics,ok,1.4761462673812646,1.476391938914324,4.429175816742973,0.9995948647645582,False,14.165119421713532,9.596013440350292,9.594416664270032,9.62906610924471,-0.02212783255352499,-0.01498777659934723,3.12506802924867,25050,3.08123407846572,3.1251921942157863,25000
cartpole-swingup,3,identity,u_min,encoder,ok,0.9954268533826329,0.9955925199202403,2.986777559760721,0.9995948647645582,False,17.464442795707136,17.544677176790973,17.541757743525697,17.575406196408515,0.0074604400542553195,0.0074934673623833535,11.578031953383551,25050,1.517996000285031,,
cartpole-swingup,3,identity,u_min,dynamics,ok,0.9954268533826329,0.9955925199202403,2.986777559760721,0.9995948647645582,False,31.541578914298817,31.686485859925384,31.68121323051493,32.47035917916916,0.014921718272545495,0.014987776599347006,12.452974933212449,25050,2.6074379297568293,12.45136506037398,25000
cheetah-run,1,identity,d1,encoder,ok,10.395390772238043,10.396996865633662,31.19099059690099,1.0040671275365205,False,1.87147393914416,0.18002920526490673,0.18000139495378215,0.35028482379483356,-8.355031458907817,-0.8036004595254445,0.15913832514895637,25050,2.2011342865834522,,
cheetah-run,1,identity,d1,dynamics,ok,10.395390772238043,10.396996865633662,31.19099059690099,1.0040671275365205,False,1.9217506176408172,0.18486564475989198,0.18483708733172663,0.6386558844010443,-9.55328913030077,-0.9188508233447976,0.1767893484501255,25050,3.6125246797954973,0.1688229996175435,25000
cheetah-run,1,identity,d2,encoder,ok,10.689182936011068,10.690834420452033,32.0725032613561,1.0040671275365205,False,2.095756590977629,0.1960633103131933,0.19603302310700416,0.26109810254428006,-6.788841655088179,-0.635015134281832,0.1571554377881087,25050,1.6614003703538172,,
cheetah-run,1,identity,d2,dynamics,ok,10.689182936011068,10.690834420452033,32.0725032613561,1.0040671275365205,False,1.9015638670219062,0.1778960916288258,0.1778686108339805,0.220351524570448,-6.584499876533668,-0.6159013990467603,0.16988250996199056,25050,1.2970818751132729,0.16000794907800248,25000
cheetah-run,1,identity,u_min,encoder,ok,0.16282363308226389,0.16284878942005565,1.7688234787238417,1.0040671275365205,False,6.210542182925602,38.14275646206611,38.13686429627669,51.6637398343311,-0.026478800396552486,-0.16259746535942923,23.386967662475623,25050,2.209082450531864,,
cheetah-run,1,identity,u_min,dynamics,ok,0.16282363308226389,0.16284878942005565,1.7688234787238417,1.0040671275365205,False,7.427065163136319,45.61417174240253,45.607125417302235,319.2482231145871,-0.02573777427673008,-0.15804707157104814,29.007248653383478,25050,11.005808476680508,24.81377559011272,25000
cheetah-run,2,identity,d1,encoder,ok,14.58923225188829,14.590706467503544,43.77211940251063,0.9868517461528414,False,2.244505233502564,0.15384669972692064,0.1538311553660223,0.2853252441922273,11.457974151469443,0.7852926228752988,0.17710883853385953,25050,1.6110164041173984,,
cheetah-run,2,identity,d1,dynamics,ok,14.58923225188829,14.590706467503544,43.77211940251063,0.9868517461528414,False,2.3040421950024017,0.15792758352340225,0.15791162683821855,0.3672115683331719,12.84658074145002,0.8804632435079107,0.18625972450987555,25050,1.9715027996495413,0.1827819920010646,25000
cheetah-run,2,identity,d2,encoder,ok,9.199431893259977,9.200361479266585,27.601084437799756,0.9868517461528414,False,3.371528340383284,0.3664931029983988,0.3664560732729002,0.94342449196619,-1.495275089927853,-0.16252351533116613,0.32237862661550254,25050,2.926448635477941,,
cheetah-run,2,identity,d2,dynamics,ok,9.199431893259977,9.200361479266585,27.601084437799756,0.9868517461528414,False,4.802484308237409,0.5220414003777755,0.5219886543653764,3.2280264095312967,-1.213498821086487,-0.1318968633809834,0.32574304168067597,25050,9.909732508409842,0.3110835574005072,25000
cheetah-run,2,identity,u_min,encoder,ok,0.14890786555710145,0.14892291242844108,1.1999479800873836,0.9868517461528414,False,9.286785668590975,62.365984723820965,62.35968339024639,76.58898529958987,-0.01557379348851257,-0.1045762081506157,51.21301002655991,25050,1.4954986098233547,,
cheetah-run,2,identity,u_min,dynamics,ok,0.14890786555710145,0.14892291242844108,1.1999479800873836,0.9868517461528414,False,9.585590535399279,64.37262732587828,64.3661232451739,416.04867860309025,-0.023909458078458685,-0.16054922435086955,54.47555596491334,25050,7.637346168087926,49.86243789409653,25000
cheetah-run,3,identity,d1,encoder,ok,15.447317540073671,15.448672560546385,46.346017681639154,1.0099454690256775,False,2.2244560362295123,0.1440027390165829,0.14399010837412934,0.25732191243300107,11.075572822964329,0.7169271521263061,0.19847698119408475,25050,1.2964823975298858,,
cheetah-run,3,identity,d1,dynamics,ok,15.447317540073671,15.448672560546385,46.346017681639154,1.0099454690256775,False,2.325362273356563,0.15053502119860435,0.1505218176023222,0.23020136108104877,-5.286862664897827,-0.3422211613442885,0.194373542785934,25050,1.184324562806227,0.1938208812363018,25000
cheetah-run,3,identity,d2,encoder,ok,8.300654178563713,8.301382302156673,24.904146906470018,1.0099454690256775,False,2.588976536631807,0.3119003009808301,0.3118729438540855,0.8387307549998173,1.9201896430767063,0.23130962690127485,0.31913571264945456,25050,2.628131925558256,,
cheetah-run,3,identity,d2,dynamics,ok,8.300654178563713,8.301382302156673,24.904146906470018,1.0099454690256775,False,3.7988369538632973,0.4576551283962322,0.4576149869493869,3.741547914645895,1.5522032707844002,0.18698130194306828,0.31451063503770493,25050,11.896411433582657,0.32249099408902404,25000
cheetah-run,3,identity,u_min,encoder,ok,0.15167257717909674,0.15168588171865152,0.4550576451559546,1.0099454690256775,False,9.395731971691655,61.947467013744124,61.94203353163053,72.58370872458755,-0.023293482627838025,-0.15356394651839125,50.801228523999065,25050,1.4287786109404461,,
cheetah-run,3,identity,u_min,dynamics,ok,0.15167257717909674,0.15168588171865152,0.4550576451559546,1.0099454690256775,False,8.883572077299839,58.57072018239667,58.56558287855145,304.58072768245694,-0.020199872203804307,-0.13316909902842,51.04761716786204,25050,5.966600295580717,48.521516773637124,25000
walker-run,1,identity,d1,encoder,ok,13.780733096221333,13.792110883685194,58.663514705467264,1.02474790712051,False,3.171101443646056,0.23011123004156941,0.2299214000227608,0.23942528060528487,-4.407598790364871,-0.3195739091380607,0.06348305501824326,25050,3.7714832806404908,,
walker-run,1,identity,d1,dynamics,ok,13.780733096221333,13.792110883685194,58.663514705467264,1.02474790712051,False,9.00348571147504,0.6533386612025589,0.652799690156591,0.9139993625316448,1.7076358316965188,0.12381250746152976,0.07333923831533609,25050,12.462624149459115,0.06693291067928149,25000
walker-run,1,identity,d2,encoder,ok,5.555755742005795,5.560342740940634,50.72960684257758,1.02474790712051,False,2.432333273175559,0.4378042135267476,0.43744304739820505,0.6967643913551362,-3.831051993867623,-0.6889956559079901,0.23003863616108472,25050,3.0289015922839435,,
walker-run,1,identity,d2,dynamics,ok,5.555755742005795,5.560342740940634,50.72960684257758,1.02474790712051,False,3.328384903385828,0.5990876953464086,0.5985934785780437,1.5646861997792012,-1.9142214958960386,-0.34426321992737685,0.24360790140605165,25050,6.422969824657468,0.2624167207757867,25000
walker-run,1,identity,u_min,encoder,ok,0.21868384566252477,0.21886439761867651,1.087749020561824,1.02474790712051,False,2.7483816954148153,12.567831369017293,12.557463549659964,13.567869029957087,0.060284836886218066,0.27544377953718746,4.079561658410503,25050,3.325815410090765,,
walker-run,1,identity,u_min,dynamics,ok,0.21868384566252477,0.21886439761867651,1.087749020561824,1.02474790712051,False,5.086621381789397,23.260160650545377,23.240972205318315,47.12751365810836,0.1612683691607075,0.7368414914228419,4.417685955587334,25050,10.667918483092519,4.444269513653964,25000
walker-run,2,identity,d1,encoder,ok,14.472410491432058,14.483906595297372,56.83151872719026,1.0092062203671979,False,3.064794942650045,0.21176810486853329,0.21160002120181592,0.2584507421698266,-9.213157419854651,-0.6360961636445498,0.06048282514197678,25050,4.273126157105623,,
walker-run,2,identity,d1,dynamics,ok,14.472410491432058,14.483906595297372,56.83151872719026,1.0092062203671979,False,4.6113136137638255,0.3186278897004622,0.31837498974627637,0.5455273476265102,-8.788808273052204,-0.6067981877144769,0.06586378726558634,25050,8.282659869326205,0.060929703835247914,25000
walker-run,2,identity,d2,encoder,ok,5.645648670820468,5.650133270227405,46.64328790065551,1.0092062203671979,False,1.9504516723191645,0.345478754708927,0.3452045428019901,0.6024394338019395,-3.688265656234573,-0.6527749842060148,0.22690763661919178,25050,2.654998495326029,,
walker-run,2,identity,d2,dynamics,ok,5.645648670820468,5.650133270227405,46.64328790065551,1.0092062203671979,False,2.502191478315637,0.4432070828721972,0.44285530245818955,1.7273048608668107,-10.651364401102612,-1.8851527728077675,0.2547744476999584,25050,6.779741361272678,0.2633289180783047,25000
walker-run,2,identity,u_min,encoder,ok,0.23409464946952502,0.2342806016580847,1.0484700636886415,1.0092062203671979,False,4.131163711465278,17.64740766534727,17.633400641058653,20.78279814837534,0.09709651219876525,0.41444537666191616,5.524461998357626,25050,3.7619587490245894,,
walker-run,2,identity,u_min,dynamics,ok,0.23409464946952502,0.2342806016580847,1.0484700636886415,1.0092062203671979,False,4.6504376894884745,19.86562999208523,19.849862329939917,45.353361676394236,0.11384015929686402,0.48591372265214405,5.977317817084975,25050,7.587577415870487,5.762274111722123,25000
walker-run,3,identity,d1,encoder,ok,15.632971983330606,15.639537958984796,56.219700731097795,1.0077158337293812,False,3.253046267328141,0.20808879276422007,0.20800143046804592,0.20809108493048026,0.040632651667474595,0.00259807238385399,0.05979906769884616,25050,3.47983828073118,,
walker-run,3,identity,d1,dynamics,ok,15.632971983330606,15.639537958984796,56.219700731097795,1.0077158337293812,False,6.58690724246355,0.4213470893114342,0.4211701943969145,0.4289550371155061,-0.3454329644635925,-0.022087159183954274,0.07631039947199111,25050,5.621187152518436,0.06738060462471598,25000
walker-run,3,identity,d2,encoder,ok,6.106390976720781,6.108955710702961,51.33117858353677,1.0077158337293812,False,2.104530878599391,0.34464397818980697,0.3444992856818766,0.5645077602679173,6.785547822527891,1.1107541360366278,0.24840244013275592,25050,2.272553200227109,,
walker-run,3,identity,d2,dynamics,ok,6.106390976720781,6.108955710702961,51.33117858353677,1.0077158337293812,False,1.8921832845114803,0.30986933062835254,0.30973923762392863,0.9631162308599032,4.690746245565241,0.7678474796186522,0.28478857990918366,25050,3.3818639468163774,0.296388636106095,25000
walker-run,3,identity,u_min,encoder,ok,0.23858561836917433,0.23868582627355248,1.164163982948001,1.0077158337293812,False,3.554256735734972,14.89719606751531,14.890941750607002,18.565581159563646,0.06769490127765829,0.28361508655346246,6.227942650382848,25050,2.9810135066709984,,
walker-run,3,identity,u_min,dynamics,ok,0.23858561836917433,0.23868582627355248,1.164163982948001,1.0077158337293812,False,6.645605416371313,27.85417437059541,27.842480301930177,39.973157555156085,0.12599645845199692,0.5278757453640972,7.311721313040355,25050,5.46699687307071,6.717825792187163,25000
humanoid-run,1,identity,d1,encoder,ok,17.482780521885903,17.48323103614124,86.24381951700136,1.232848638133799,False,1.1494570086976383,0.06574795166356319,0.06574625744643464,0.093532634581889,-25.539444643876216,-1.4607966108256085,0.03622249958060948,25050,2.5821695262565094,,
humanoid-run,1,identity,d1,dynamics,ok,17.482780521885903,17.48323103614124,86.24381951700136,1.232848638133799,False,1.770075496504747,0.10124679505579043,0.10124418609155575,0.23996819228869123,21.873345459489492,1.2511042961265586,0.03886062687074841,25050,6.175098335053433,0.0414302398999324,25000
humanoid-run,1,identity,d2,encoder,ok,16.80547944994851,16.805912510813773,67.35568143537763,1.232848638133799,False,1.0412707987598218,0.061960195890930804,0.06195859927807047,0.3047212921090899,-50.246949868416294,-2.989837644107981,0.042224158478185295,25050,7.216752283329014,,
humanoid-run,1,identity,d2,dynamics,ok,16.80547944994851,16.805912510813773,67.35568143537763,1.232848638133799,False,1.243693678605864,0.07400524824715278,0.074003341253003,1.3143039062138406,-50.246949868416294,-2.989837644107981,0.049812371698092064,25050,26.385089916611655,0.051003679908464467,25000
humanoid-run,1,identity,u_min,encoder,ok,0.36591456431026287,0.3659239935728022,1.4048164229924012,1.232848638133799,False,1.7053502099530886,4.660514711043597,4.660394617205667,5.967731981334799,-0.16563485637149652,-0.45264825286331695,2.2496264112560964,25050,2.6527657887883125,,
humanoid-run,1,identity,u_min,dynamics,ok,0.36591456431026287,0.3659239935728022,1.4048164229924012,1.232848638133799,False,3.5754177186376355,9.771181765823348,9.770929978458192,9.881593220966463,-0.024595415005668773,-0.06721454574630238,2.318355444086241,25050,4.2623288185480135,2.549891676925145,25000
humanoid-run,2,identity,d1,encoder,ok,24.250783050036567,24.251416775225405,91.49606744935733,1.1466640418334169,False,1.0666234400569103,0.043983051510384195,0.04398190216855884,0.05785362461657039,30.880543233070103,1.2733500693706619,0.026685943023527753,25050,2.1679437959364427,,
humanoid-run,2,identity,d1,dynamics,ok,24.250783050036567,24.251416775225405,91.49606744935733,1.1466640418334169,False,1.4441049104523276,0.05954879508314063,0.05954723898554192,0.05954893399337375,0.03180992622880253,0.001311672902397137,0.027693847436814533,25050,2.1502586135508563,0.03222225702804349,25000
humanoid-run,2,identity,d2,encoder,ok,16.337015038215274,16.33744195960246,98.06571372228748,1.1466640418334169,False,1.0676535702087604,0.06535181412952874,0.0653501063905074,0.12147942822995018,-30.33482193374471,-1.8567669289203,0.0416032821800508,25050,2.919948183516175,,
humanoid-run,2,identity,d2,dynamics,ok,16.337015038215274,16.33744195960246,98.06571372228748,1.1466640418334169,False,1.1258234070655464,0.06891243011235768,0.06891062932920382,0.12120519696455749,20.692071529372836,1.2665429251738463,0.04522920742676684,25050,2.679799268223032,0.04982110841257386,25000
humanoid-run,2,identity,u_min,encoder,ok,0.36256887138305355,0.36257834608850986,1.3017534276247171,1.1466640418334169,False,1.5866559462399845,4.3761504957321185,4.37603614048331,4.517984891024747,-0.040678329056415115,-0.11219183245566748,2.5452954140595847,25050,1.7750336035921455,,
humanoid-run,2,identity,u_min,dynamics,ok,0.36256887138305355,0.36257834608850986,1.3017534276247171,1.1466640418334169,False,2.942637534673935,8.116078811313733,8.115866726237426,8.493814341369552,-0.04115536208582141,-0.1135075012884936,2.9359757884458517,25050,2.8930123929481457,2.9419764694437855,25000
humanoid-run,3,symlog,d1,encoder,ok,5.872685415925489,5.872787752811656,17.618363258434968,1.0580472238412,False,1.22448513978543,0.20850514765611033,0.20850151432753472,1.057648802114752,-11.586037355582999,-1.9728343409032731,0.40713408562223263,25050,2.5977898669386095,,
humanoid-run,3,symlog,d1,dynamics,ok,5.872685415925489,5.872787752811656,17.618363258434968,1.0580472238412,False,1.4620059552433844,0.24895015681901356,0.248945818711639,3.9129494801084737,-11.00042381245527,-1.873117891445797,0.4546863258931363,25050,8.605821766076431,0.5023724972885056,25000
humanoid-run,3,symlog,d2,encoder,ok,8.170305383359825,8.17044775836423,24.51134327509269,1.0580472238412,False,0.7547580266698396,0.09237819044157504,0.09237658069561495,0.694538910465375,-13.893911650534926,-1.700507984560759,0.2893633059569588,25050,2.4002314604764843,,
humanoid-run,3,symlog,d2,dynamics,ok,8.170305383359825,8.17044775836423,24.51134327509269,1.0580472238412,False,0.7434575481930968,0.0909950746403275,0.09099348899599859,2.7892504692429503,16.789513858907096,2.05490743658686,0.3251631385893571,25050,8.578003279656636,0.36195652197231787,25000
humanoid-run,3,symlog,u_min,encoder,ok,0.7790245886787771,0.7790381638909682,2.3371144916729047,1.0580472238412,False,4.755790246972939,6.104801204078478,6.104694824217296,12.297632017476232,-0.16794880740171628,-0.215584826503085,12.067119061615756,25050,1.019102567454871,,
humanoid-run,3,symlog,u_min,dynamics,ok,0.7790245886787771,0.7790381638909682,2.3371144916729047,1.0580472238412,False,4.28823799977623,5.504624709021145,5.504528787599164,10.545462112450664,0.28082866585845145,0.36048126892247523,11.872124515918633,25050,0.8882540019110206,14.504511920849367,25000
dog-run,1,identity,d1,encoder,ok,91.9656913999841,91.96668185010775,969.5727104872374,0.9158823489525012,False,1.071339805249511,0.011649342150758801,0.011649216691275633,0.017513360435315258,54.245378751981896,0.5898372939060033,0.0029910151655463723,25050,5.855323181591449,,
dog-run,1,identity,d1,dynamics,ok,91.9656913999841,91.96668185010775,969.5727104872374,0.9158823489525012,False,1.078025726407431,0.011722042318137975,0.01172191607569854,0.02186266535175324,59.500383603078205,0.6469776054338368,0.0032679109011345673,25050,6.6901044775005545,0.0034437756164551686,25000
dog-run,1,identity,d2,encoder,ok,86.27281252457972,86.273741663659,1479.3779390442337,0.9158823489525012,False,1.4184841744560672,0.016441844573595318,0.016441667500478582,0.021494829892651352,-22.96500448595966,-0.2661876492558939,0.002821761572496137,25050,7.617521658159436,,
dog-run,1,identity,d2,dynamics,ok,86.27281252457972,86.273741663659,1479.3779390442337,0.9158823489525012,False,0.9571074821809666,0.011093964067860661,0.011093844589611998,0.014509822153150645,65.22758111560269,0.7560536944125427,0.003291938511997137,25050,4.407683223812069,0.0033530525743989516,25000
dog-run,1,identity,u_min,encoder,ok,0.16076085099649015,0.1607625823552428,0.8568309816965293,0.9158823489525012,False,4.388068937496259,27.29563143200867,27.295337467270755,27.991623544024062,0.0051239910143739235,0.031873032513568725,3.6364746122029104,25050,7.697461560735947,,
dog-run,1,identity,u_min,dynamics,ok,0.16076085099649015,0.1607625823552428,0.8568309816965293,0.9158823489525012,False,3.222843048768878,20.04743710170607,20.04722119757474,25.206650226777676,0.017889849738772386,0.11128117921893385,4.160887520412995,25050,6.057998468623769,4.323775143229554,25000
dog-run,2,identity,d1,encoder,ok,347.4150262715451,347.4166302926509,2211.4655960097666,0.8828149942307227,False,0.8464637962172591,0.0024364628245977177,0.00243645157545921,0.003476130004304321,534.8412278768212,1.539480788315432,0.0008128806328006719,25050,4.276310523388629,,
dog-run,2,identity,d1,dynamics,ok,347.4150262715451,347.4166302926509,2211.4655960097666,0.8828149942307227,False,0.6986752288465802,0.0020110679619841326,0.002011058676891898,0.00454829948028335,801.2966427565399,2.306442964695033,0.000817774479560306,25050,5.561801687341528,0.0008690345517475683,25000
dog-run,2,identity,d2,encoder,ok,125.16640464905055,125.16698254447708,1804.7069049464492,0.8828149942307227,False,0.9805478810691037,0.00783395419736171,0.007833918028028469,0.008305078102424798,104.72632762424668,0.8366929160973663,0.0022191666599555545,25050,3.742431000018328,,
dog-run,2,identity,d2,dynamics,ok,125.16640464905055,125.16698254447708,1804.7069049464492,0.8828149942307227,False,0.708003408382634,0.005656497127705941,0.005656471011682739,0.007325787565942653,200.19889973862175,1.5994545499847188,0.0019699667879817624,25050,3.7187365851217966,0.0020385061269703837,25000
dog-run,2,identity,u_min,encoder,ok,0.2133182795615729,0.21331926445571042,0.8120222158122876,0.8828149942307227,False,5.513505277463621,25.84637982640482,25.846260493778992,27.17182724546708,-0.01150257066542691,-0.05392185602540874,3.5589392775154547,25050,7.634810578852055,,
dog-run,2,identity,u_min,dynamics,ok,0.2133182795615729,0.21331926445571042,0.8120222158122876,0.8828149942307227,False,3.7470376846131384,17.56547864681039,17.56539754707012,21.22244957020971,-0.01741584333921034,-0.08164214977792705,3.829880251529664,25050,5.541282801657679,3.8945142466941,25000
dog-run,3,identity,d1,encoder,ok,53.304529994951515,53.30489013987087,1104.943098930809,1.0082656850246108,False,1.0668591314168958,0.020014417752448777,0.020014282528628812,0.021647063513477855,-35.28072910522992,-0.6618666507454393,0.005882556845229757,25050,3.679873239309493,,
dog-run,3,identity,d1,dynamics,ok,53.304529994951515,53.30489013987087,1104.943098930809,1.0082656850246108,False,0.9859812152185088,0.018497137397363625,0.018497012424775954,0.048333124019525484,158.83117339786716,2.9796735905673497,0.006742736626945217,25050,7.168176171434225,0.006832537792878682,25000
dog-run,3,identity,d2,encoder,ok,44.30484203821852,44.30514137795127,901.1081275494661,1.0082656850246108,False,1.0693985337676066,0.024137283524114938,0.02413712044489264,0.03175308381174678,-42.18002192661471,-0.9520344730827528,0.007728504957559959,25050,4.108567437831062,,
dog-run,3,identity,d2,dynamics,ok,44.30484203821852,44.30514137795127,901.1081275494661,1.0082656850246108,False,0.8569777851812379,0.019342756812945783,0.019342626127082357,0.0232407130161824,-12.88553938920573,-0.29083620971398816,0.007356707386197498,25050,3.159118855234903,0.00751459706187529,25000
dog-run,3,identity,u_min,encoder,ok,0.18774808200356954,0.18774935049834587,0.5632480514950376,1.0082656850246108,False,3.076456643466803,16.386088265915344,16.38597755625209,17.55116507998974,-0.03413783484851138,-0.18182664684537558,5.712209480451147,25050,3.0725702795135517,,
dog-run,3,identity,u_min,dynamics,ok,0.18774808200356954,0.18774935049834587,0.5632480514950376,1.0082656850246108,False,2.9024032967665545,15.459030344242732,15.458925898079874,16.91342750583543,-0.018586362505842058,-0.09899561546555555,3.7279773648628853,25050,4.53689114779738,3.648017544138665,25000
